c4c90ef7-da52-48b4-8c3a-b30c1367e75e,925c7673-0e85-410f-b7e4-d9705a7aa619,Moana: Deluxe Edition Soundtrack,Digital Media,2016-11-18,446702e9-b7fe-4290-a555-0dc61ccf3807,28157535-a390-44b1-8bb1-d1b9aede3612,f7ac651b-1ee3-43a2-9c76-cb6a1249f169,77e07206-4b13-41c0-b7bd-3b3a481c397b,8e6167ec-e80d-44f7-a6ab-2cfa28dd0f93,86ebe551-9e6e-47a6-ab6c-03d8f30d172f,f45bcd1e-b106-46fe-a3e9-822f58da79ce,477c33b8-fa6a-46bc-866b-64f8585be7fa,5c49702f-659b-4773-b4d9-f3ccdee59f5f,1d3978dc-f76c-479f-9362-77c2cb1e2a57,8addd544-aad9-4498-a93b-a10003636f7a,da0d5fda-1fb1-4d3d-a2b8-932877d93345,e8bad062-605a-43b4-8379-04600c5f8639,e1f82eaf-24d9-4cf5-aeb3-052b0709db85,5cf88ddf-0a42-40a2-aae0-40882ee1a15d,5081c560-b044-4109-b12d-035213a590b2,bf61a9d9-81d8-4374-b3a3-f84bf21f4d49,b4f70215-b1f0-4315-968e-b1260fabc48c,c7c9756d-3301-40cd-b3c1-c09b2b4871bf,53193d52-23c5-47e4-9e49-5848562dac1f,4a0016f7-42b3-43a0-aff1-97e306df78d2,966f5ad3-4df8-43d3-af86-6db4ff3649dc,8a6bc164-bf01-4318-af19-cf6559d88b95,1a614ed6-332e-45ce-a794-a1e5b98e6a6f,b93a8588-9320-4d75-bcca-0f671c3f2beb
d0806294-f924-35c5-8293-188e4df5461f,fbd2a255-1d57-4d31-ac11-65b671c19958,Tragic Kingdom,CD,1995-10,154c88a6-8595-4b31-833e-cbdcdc71cf1d,a5ba0a92-902f-4b78-9590-3f5a899ecc33,210990b8-8966-4f0a-ab8f-ad9fd938783a,ff4623c5-15f3-4730-8f4b-105ee5241fec,254a9e3e-11f3-4500-94da-59abbcc49e33,731f5378-06a5-4a6f-bb4c-1b0cae008489,65746365-2318-4907-abe3-83528ec73159,9b733049-855c-48a6-93e8-131cd002a6a4,536db395-cefa-4c58-b762-1ce66bb555eb,814d0058-998a-4657-9842-a2c7ad2ad3a8,56973e77-b19e-4a63-a53f-6d4dc4178a4a,1712fd13-69b1-47bb-8eba-97211153c061,693e1e1e-04b8-441f-bcaa-5c0c33acdff2,75f82744-5d4d-417c-b276-37dc4c17a98d
5ad8e964-5d1a-4c10-be08-865ed9809dc2,f4abc0b5-3f7a-4eff-8f78-ac078dbce533,"WHEN WE ALL FALL ASLEEP, WHERE DO WE GO?",CD,2019-03-29,75090060-75fa-4a87-aa63-c0f730d1825d,ca5900a4-5cb0-4ba6-8ed1-54234a31abdc,eddc4da4-1809-451c-8e32-7a47b6989033,23caec99-7f8d-4c26-90d7-04d3750c5970,ba7a88da-f864-4ead-9a63-36f92d10de46,373994c7-35e0-4b46-9c2e-82a90b95c0cb,694da04d-1ffc-435c-8b4b-59cc23ac8003,1c3683c9-9008-4777-866b-5aacea6187dc,68aaf9b2-faaa-4593-9442-ffffc88ac820,853e1775-727f-4b7f-b91d-09be9bb55ef8,e87fb0eb-58cb-42b4-a352-9254de99348a,31a0ccb2-fbe1-48e9-b0b8-96d149a8c4f1,4d82c5eb-9cfe-4dd6-b147-b57cc17a809d,a3227a92-b99d-4c94-9fa4-660cea0134ea
3f9a83ce-7ad0-4837-bf3e-4e3c4085cbf2,7b7b1e6f-e73e-41a0-9d72-8f0b30c6992d,Tubthumper,CD,1997-09-23,5395c0ff-5a8a-4f87-b5e7-4d93f013e75b,a9422a99-2959-4bd1-9de7-f811389b320f,2d996ce2-6bcb-4e48-8c69-46cb83f96fcb,7884445c-5f42-4391-ae1d-fadce0fc94a9,ffb2cc38-a99d-4599-888c-b7ad89c6bbeb,7c36b9b0-d6fc-49c0-b02d-b58d7aea2a40,81b3985c-53ab-4aa0-a69e-1b8e7c4545b1,7c9c971a-037b-410b-b9ed-7c809feaf0af,a4efda09-a1f5-4c1f-9c27-163eef67699a,6af8ae50-569d-4275-8677-f53b9b40baf0,052471c4-4bce-4ef2-979e-bb6229e5eac6,22634016-2ad5-4bc2-8c08-1d54d1e5c463
badc3562-ffad-40b9-9b1c-8eab1dbb985a,5ca3f318-d028-4151-ac73-78e2b2d6cdcc,Full Moon Fever,Digital Media,2014,5cffd97e-6f94-48ad-9874-c4ab7e594782,9c8d45be-d7a8-49f1-8a12-c19b21f5283d,1427bd46-68bf-447c-b598-487811c4235d,523d2f9f-9d9f-4f99-9660-4d8499ceb09a,1e672ea7-091c-4418-a1cf-4ea5baeac786,079f8c0b-a2cb-4b6a-8d86-e0b4f27adf46,486e3ce1-59ad-40d0-a3f3-2679c8abd2b0,ee03a35a-3d19-495e-b740-4dc3e7ea6a0b,0572f49c-5952-41f4-9d25-40df6682fef6,759655a9-b77d-475f-a72f-cc5c2d82d291,1b293a16-dd40-4b0c-8bea-956bb22bf399,40a8c585-590c-4d9a-9889-dab6af60086b
30f0da21-6802-44fb-89cc-7a31fb9aea3f,11ae9fbb-f3d7-4a47-936f-4c0a04d3b3b5,Icky Thump,Digital Media,2007,88709fa7-5657-433a-b6b2-76a630db2ed8
930ef9f6-1f75-4fa0-8b53-db31066a42a8,fa7b9055-3703-473a-8a09-adf2fe031a24,Wheels,Digital Media,2005-03-22,b8637f31-44f5-499d-b1e7-18f7b92a3f58,7b76a2ea-6aaa-4591-9f55-9b1bb0dfc1fa,a3f65f77-cc00-42eb-a336-52cfd7bee22e,13e1723f-3d5b-4fdd-8963-3810d2afb01b,83a98255-7e46-4f4b-ba16-2974871c37ef
92655853-3fcc-3491-b166-0c932420f594,0383dadf-2a4e-4d10-a46a-e9e041da8eb3,Greatest Hits Ⅱ,CD,1991-10-28,399f804f-c033-4875-a8d6-425a77ed861f,affa77b7-945c-45ad-b263-448c0055137c,48339025-eab8-49ca-ab88-1e7b51d20c8b,27fd84a2-daf6-4ecf-81ad-fdfb52a668ae,ee40cb79-88f5-4bd7-ba12-95c43cb6714b,662057b3-5345-4ad3-b0e8-9d7e7956aa0c,34310138-b423-4ef7-a914-7972cee6a3d3,938440e0-99df-42cf-91e3-52b088a8f19e,e4678e4a-3cb1-497b-9b66-a0c1fec1a85e,0912dae6-6fc4-4866-a8e7-414ba4d4ebe8,6244adb7-2a77-4e37-a0aa-6a99267bb655,f16412c7-6f8a-47f7-a41f-894b4194181b,e26b6b74-d2b5-4e84-99f3-cc36cc4270e1,8f0a2dcc-67f6-4510-bd59-ffd820217832,32c7e292-14f1-4080-bddf-ef852e0a4c59,583bdc51-88f8-4e2f-941a-0291f1dfddc6,6da2cc31-9b12-4b66-9e26-074150f73406
6ef1aa4d-8e7b-4075-bdfa-d7110ec1e80a,89ad4ac3-39f7-470e-963a-56509c546377,"Guardians of the Galaxy: Awesome Mix, Vol. 1","12"" Vinyl",2014-09-29,71709e8c-fb6b-48c6-972a-851ecff0a60d,12ecdcf0-7a7a-4586-82c2-fd4aa71f0ea7,6de5f61a-15e1-4d95-83e6-b063cfacf79c,b04b5028-da5b-4f05-bfe3-4f8f80396d98,19743e71-e55d-4413-9450-0be53223675a,b2823384-7ee0-4cb3-942a-f93b52cb5389,fb99385c-4dfa-4b47-a039-3e34aa19a202,d8cb3068-578e-4323-82d1-8b6248a9b8b5,4af967a1-0a7f-42ac-93c8-e5e80f70a6c1,c0f27bed-7986-4c88-a9c6-1d16ebc9817b,db63cb9b-a80c-4a81-9f0e-9a24fd4aec7c,27697708-3c75-4da4-9d04-7594b99498c4
cbae1727-1126-4281-8b0e-36f039bff450,183d6ef6-e161-47ff-9085-063c8b897e97,Flood,CD,1990-01-05,33c2178d-9ffa-4e39-a3c5-92fb0b9a1e11,dd8e9414-b595-4f3e-a23c-707fd5753a96,3f6a83bf-64c6-481f-9438-783e3d2bc9a6,ba0f40d2-69ee-4b28-bf32-a08ecd26b7e4,532005e9-6ed9-45d3-a3b6-3f6bf1f1f87d,f20e164a-c3a1-4793-920a-d69feb39863c,e0257ed7-bb40-45c0-be4d-13d80bb30820,41b9593b-d80b-47c4-9d6d-639d86ab021d,75a62761-60f5-4b48-b53d-17108ebededd,b48bafae-7b32-4380-94bb-4815ce57a12f,750db50b-e967-420e-bbe2-1c7b7ba9ef91,da9ce80f-59a0-408b-91e1-b0e7bbd05b95,1aa2b5c7-1ffb-481a-ad9d-d51d970a5f82,27c4e7bd-81f1-4674-8625-4da779777523,a6fb3fec-73c3-4488-9871-c132c607c97e,d800c1bd-91d8-4f76-a624-7fe80a6882c4,5effbb4d-888c-49fc-9f1c-04530f9604ff,ef1306c8-9030-453d-ab05-cb47a271f2dc,23ad93f2-8c38-4fcc-ae9e-b67a36ce6fb8
aaab19e9-1836-41f4-8c07-5155a425bbd3,afb8f901-d846-4c70-a898-59bc183d1da7,God Shuffled His Feet,CD,1993-10-26,5d6b3810-25e1-45fd-aa53-0f9903d7cfd3,9363b1c5-d1a9-4b8b-8ac5-bb5488a3c129,e3ec8542-fdf5-4349-9f6d-844f4bdf1561,2f26361a-02a1-4ab5-a7fc-a75dc5fff96a,11715b4b-d1fd-435b-9d44-95badfe8f4ec,2fe81332-ea91-47f1-a520-bf242a5f1eb2,3274db42-378f-4d53-8c00-a2d964473524,e4669ed7-b8a1-4e82-87d4-9e5f60e7e4f9,595af36f-9778-4cb3-b43d-9630051588b4,c82b1583-7170-4142-a974-59b395bf31ec,dd72ae1d-db35-4a25-b834-305a870e23de,c45d0555-0678-4742-abbc-f5626b941e06
dbebf0d3-0b65-30a5-a3be-296709c5d3df,d6ed7887-a401-47a8-893c-34b967444d26,Ramones,Vinyl,1976,0441c372-0624-4b06-8657-24390ed557eb,f6a0ffdb-13ab-4e56-8917-66afb590e7ba,d0404829-b11e-4a90-8144-4f1771d2c599,1fb6d615-22bc-414e-b5ac-20e32032d69c,cdca8e22-eea5-4b0d-b01c-244ad576bd9d,52ed0a5e-09b5-42a4-ad11-3e22441d1021,aca83bac-7acc-454a-9750-0f46fae64d2e,ac25ec9a-eff9-4aa1-bcca-46b7ca62b656,7d3a2f87-13b4-4b3c-8e5c-b3cdcd8bdf13,ff293fa7-55a2-441b-893b-406f561d1f50,e9068b61-4326-463b-8e3a-36f99e3d42c6,3747970f-aeab-440b-a85d-3aeae8bab207,3d6934e8-65d2-470c-9013-cd1bfb86c060,fec99019-ec23-4d7b-b8b9-b2e5e08501d2
fa12f400-3051-49b0-bc7b-ea8bfdeadb12,c0b2500e-0cef-4130-869d-732b23ed9df5,Crucify,"7"" Vinyl",1992,ba17cb78-897f-4087-affc-22057e2fe935,af34f041-f3cd-43fc-95c6-fd5bf945667a
9c2db1c7-08bc-41b2-9b21-840241690d7d,f4abc0b5-3f7a-4eff-8f78-ac078dbce533,dont smile at me,Digital Media,2017-08-11,5388ce74-a4b1-4d19-b6cc-75b1c706748b,acffab4b-194a-43b5-8370-5f64e33dc483,2e33d52a-b8ba-4b9d-99d2-1df3d126db6f,ed3a357a-cd5c-4489-aeb3-25cc87bac005,44060550-81f5-4a7d-af2f-716bb980ba67,5f943be1-99d2-401f-8814-bebe048d1e3c,0df33b22-38e2-47fe-a86b-9fb3387f1ce1,7ccf9a54-0c12-4b74-92b0-e3ed743a51cc
33593826-03ef-3393-a905-ccde90824301,ba0d6274-db14-4ef5-b28d-657ebde1a396,Siamese Dream,Vinyl,1993-07-26,af02bd48-8c3a-4e9b-b9d2-6a21e6bcf32d,ea714e98-6a99-4bca-b38a-a69ea34b5da4,ed3bfa34-7b15-4853-b777-0daf549dedd8,7d4b6488-d906-4d23-89f8-b6ca8fd8b843,46c88b2c-7788-4bf3-880e-0b77155c2f84,a40e20b0-b08f-4657-8d15-57ead3408736,7f76d520-bdfa-48e1-9966-2fe8330c6245,199069ef-ff18-48a7-95f3-caaa9ee20b10,69d9ab4e-8beb-4bf6-b22b-7ee71d2a9bcf,79666748-d0f7-4f8a-806e-6c8419345069,40a1bdab-d6cc-4116-8cdb-736979854503,622baf54-342a-40a6-801e-43f159fc4f38,99479876-9f93-45b8-8e84-caef39f69d4d
25f193c9-b197-4f19-9c2c-2d493d9e1f60,328d146c-79f1-4eb6-9e40-8ee5710c14e5,Speak for Yourself,CD,2005-07-18,dffcffa4-e27c-46f7-9e7e-b56296432339,d871b5ab-0a48-4b93-95d7-be3e6a599248,54c790e5-4d4c-4cd0-bff3-efed41f864b3,1d49f5ed-46aa-4b39-bf01-26f1b776c24c,3b4a3bd3-944d-45f4-ac92-ab72a7448ba2,2330cbd3-0153-45f4-bb8f-955aea3d981a,850aa908-f047-46f3-a190-d037feddf38f,721427f0-5ff4-4ba7-a976-e3c21b05a586,89348d02-d879-458b-b619-5673c01597ba,3ddd91b6-6a5c-4c3a-bfc6-c93ecfc52b3b,25c22627-b4a3-4f55-854e-b85dd82ca945,c257113a-c792-4f8d-b18f-2bf1fe8f863f
3f9068bb-d4c1-4d2c-84ff-8c0851ec3af4,6fe07aa5-fec0-4eca-a456-f29bff451b04,Weezer,Digital Media,2008-06-03,2cfe61ff-bf82-479f-8d1a-74aa92bc3c52,be4c75f5-e097-498f-9479-e7050aef1fc4,461ff607-8def-43db-a969-a1c55e349137,34449dee-02a8-47b6-80e0-7addea03db97,ad976867-e58c-4b4c-bd53-58252fc90333,7efb370e-fa0a-41f6-aea0-5485bee15691,e25e6c31-ffc3-4a20-bf7b-ea49f2ce1958,211d6973-ab84-4199-8512-b881d20ce1fe,1d132ac5-15aa-49a1-875c-b24f86257f6e,41ff6482-2ae2-4b2a-905d-c35870f534af,dcb42eeb-3bab-4578-9b84-64ebdd6393a1,be0ea60a-4137-4089-b0c5-ddd7a8ad41af,7e8d8ecb-28c4-4167-91b0-2cbb010eb2db,7e95c9dc-8b52-4f40-96e1-981e1cb49eb1,e8ec7899-49d9-454e-932a-9434dc669387,c0962dcb-3621-4d78-a479-795007fb5783
d61ef3fa-4d9c-46a8-b853-67d95f27ac07,afb8f901-d846-4c70-a898-59bc183d1da7,The Ghosts That Haunt Me,CD,1991,09bae7a1-bdd9-49a6-b096-439c894d75d1,028392ec-2f2b-4c48-8cc3-43006d37c7e4,5e57f664-1672-4e36-9509-e7104ebda5c8,bf572f1c-75c3-4c2c-81de-7eecc0544cd2,b27530ef-2bc4-46bb-9045-f2c278d74dae,6ab1d6f9-1cf5-4363-b4a6-6956529c4b71,8f2f496b-f8ec-4e57-8dc6-08ab5e88aa32,800a038d-b181-44b0-98c8-06ebfb124b97,3dc163da-78fc-4d2b-91b2-fd0e86b3b49d,797d344d-4df5-4cf5-9217-81edb634f5cf
95f6f6a0-24f0-3f73-8546-d5a62eb2a666,b7ffd2af-418f-4be2-bdd1-22f8b48613da,The Downward Spiral,CD,1994-12,0ec126f3-a608-46dc-9210-90ad42fc1ee6,70d25e69-b939-4898-a97d-780ac978afbd,ab7805a8-c161-403d-92bf-a92c8b8e17dc,d5c0f5fe-f27a-492e-acd4-032d0b2aa747,13dd61c7-ce73-4e97-9f0c-9f0e53144411,05166c96-7f2f-42f2-8b8c-de0fc58e34b2,adc19475-b1b9-49a0-a966-45f4a7d35bb5,96f64611-49df-4e54-84e7-0f9a30f01766,688301b0-ae38-4aeb-8a4d-993330a74ba8,3c6e9da3-e16f-47e3-a5b8-bc16c04184e3,941b357e-f763-4eff-85e0-16a033b94038,429f0b1a-0293-4793-993b-0bb5f73567f2,c0fa02fe-93cd-4a28-9574-ef11788b2704,787cf6d0-a44b-4562-aa5c-5c4b244576c6
aecfa9be-64fd-46f2-8e94-f30539ee051c,4bd95eea-b9f6-4d70-a36c-cfea77431553,Dirt,CD,1992,3f92bc80-8490-42ac-b77e-e20c9f25ea6b,b5502d6e-25af-4655-966d-faceab6fa0df,c04f7382-db8d-424c-9e1d-58b7b5b10b9f,be18ea38-8b2c-4eeb-b876-8d171bbbff8c,9be9dad8-1982-4839-a4dc-3a1e6f3765c2,4472aacc-3ba6-40b3-9cdf-ee9677805d15,616cf1e6-cb9e-40a2-a59c-de0ead5c18ae,0119e24d-eaa6-426d-b6aa-3509813d3249,fb9e081f-d9ae-4a18-8f4a-7f8bfbbac588,b0b9e9c1-a234-42db-a2b6-d0d576bf525d,fba87631-6ed8-457a-87d3-2388c6a45e5c,4a6ad571-f3d8-40d2-b5b5-aabaf1fb7dd0,cf0023c0-55b3-47e2-9f24-a2474697434d
316bb85f-0e70-4469-bd83-5068e2fd32bf,0383dadf-2a4e-4d10-a46a-e9e041da8eb3,18 Greatest Hits Live From Queen,CD,1991,7d337191-52c2-4301-a512-75c40f948a89,63abd59c-e139-4cbd-b07c-fe7605f3072e,79e6c130-6e1b-4bf9-b395-aaebf753bae3,b3cd15e2-9afc-4d2a-81d9-265205e4cf8e,c885b71c-8647-4d5f-bf7e-e5231deff93e,bccf1cbe-a941-4b55-b5fb-efeb5bfaa61a,22d9a7eb-226e-4726-b07d-f6291c1438aa,95e8da1a-d4ee-4e5e-90a6-f97a1d6cb463,fb093e14-c149-401f-9c62-a207ab2f48b7,50e21aad-459d-4354-9800-deed3db91d90,599fe0ef-496d-489c-aeed-8ed5a0b6791e,c0f32653-84dd-40cd-b00b-0084a5636b82,8874f3d8-d693-4147-b792-32d7581a951f,62779751-a79d-483c-9ed6-d64a28e2d6a4,1cb7c8f9-28f9-4485-8b1e-065803f34838,c023e01b-fe85-4d22-99bd-df4347b4a3a4,8413fffb-24ae-4122-adb7-0671cea01b5a,15e6b2ed-34c6-4a07-bc59-666d818eaf29
2279443f-991e-3f3e-9705-861d0aba339d,6fe07aa5-fec0-4eca-a456-f29bff451b04,Weezer,CD,2004-03-23,d8f04ba0-8f7e-4016-b818-5f07514d11e8,3761f313-1239-46e9-b720-9d24b06da5ab,392cea06-94c2-416b-80aa-f5b1e7d0fb1c,e7ada1d0-0604-4ff2-9361-939ebf5b53af,e5b7a191-79d2-41ca-aa96-2d041c741aac,e1b7cd2e-bdf9-45d5-b52e-cc8a94d5d1da,271a81af-6c2d-44cf-a0b8-a25ad74c82f9,5d7e41b2-ec4b-44dd-b25a-a576d7a08adb,8cd26512-7007-46b8-811a-539c9c639f82,2622c504-09b0-4376-ab85-5522cf22f228,7708bee2-375e-48eb-a5a1-05437555ea7b,018dc7e0-5846-4210-94c7-2d428370a377,b550aca5-bda6-466d-b1dd-e3b01fbe6d33,6721070f-113a-49e7-80ad-42fde0f6c051,8be434b9-46da-49c1-b39f-fa4d655c19f1,7a408099-5c69-4f53-8050-6b15837398d1,2e9667e0-f973-45db-9a5c-251cd1edc414,dad646a9-d58c-4e8c-960e-1433a2185f01,f13b8bd5-133d-4fb9-8da9-9668191f2689,ede912a6-3c83-4156-b87a-9f59f0cbe9d7,84446dd7-b4e3-4726-928e-10c7d63a0bfd,48908d8b-3a40-46fa-bfee-3a88012c2689,d615590b-1546-441d-9703-b3cf88487cbd,a47188c5-dc07-4f8d-bcbf-0f7c14f00795
2bf203ad-32df-3073-a6ff-a9ce76879b61,83b9cbe7-9857-49e2-ab8e-b57b01038103,Vs.,CD,1993,9619181a-f141-43a8-a841-e3ea25b9fd4b,470cd0ee-1c53-4ed5-804e-ab65991cfece,21534033-49a6-41ac-a354-715e43529389,824cc210-e4cc-473e-b990-9abd89b9c829,5b5c9ca6-2b07-4e96-af14-a854eb1019eb,b6eef35a-181c-4ef0-9cee-5b4ae249a68d,5c996b78-ba8f-4307-bcde-492ff873970e,4151305e-fe8c-450e-8567-209e844ba2aa,e07724d7-3ea1-44e9-84e4-04f705fb495c,dce77649-b14e-4fe0-aded-dfd379d64af4,01945780-a941-4ed6-a4cd-7045ead25856,58c08152-06e4-474b-a55f-342f9846f280
704a8006-4ec5-424c-afe2-f4561c4dd79c,5b11f4ce-a62d-471e-81fc-a69a8278c7da,Nevermind,"12"" Vinyl",1991,d506a8b2-4ba9-49b9-941f-40d1295ebd29,4eb581fa-4080-4b0b-9ef0-2c8720c02190,120bdf8e-c760-4aaf-8e34-ddd1ab3be504,d8417d44-9324-43b8-838a-e1034ac11f8c,f30831a3-a9de-41ba-86c8-f1cad625b305,6fb6fff0-a381-44be-8aa6-e3429a670e0b,b4f0642e-05c5-4bc4-bf0c-95e67bfb3e99,1e35bde3-37bd-431d-916a-c364e6440446,6da76448-982a-4a01-b65b-9a710301c9c9,b4184747-0157-41be-ae44-e3a6a0c13272,3f5647db-6f12-4c36-94ea-2d06f2c7e8f9,2042ce91-f5fe-4fce-b451-b3354843b193
bfd70d61-e7ee-3b5d-b91c-44df25d3ee6b,00b82d40-1abc-4139-be19-e64243c698cb,"Buffy the Vampire Slayer: Once More, With Feeling",CD,2002-10-24,487908b4-d2cd-46b2-921f-457980b7b0e3,4eac4e76-60c6-42f1-a41b-dfb274fdb1e6,94b961cd-3fb9-4ed0-a3cc-09fb38b1dcba,5f497473-e036-41bf-b1ce-f32eaeb6d889,8c79c5c2-3e13-4c1b-8be0-198a6fcdb3e8,980579ec-57fb-4a2a-a1fd-45873ef14bcc,31658625-fe71-4083-9f13-09285f957687,e322579e-29ce-49f8-ba83-04a63a7c1348,ee008830-e147-4967-8e5c-47d0de832a22,984c5e45-6df5-45ed-b916-20738a8af20b,c408a667-1512-499c-b3d1-bc38b6d9576c,52f08e8f-0da2-4031-a3e8-2bc7decf4c0b,a5410d05-1a91-463e-9b2e-e3c435cb506f,7d21ec0c-0a4d-4754-912d-9896ab242b6a,04af6364-2b24-4d9b-9b50-d0798bcc1d22,aed4a772-14f7-4e20-998a-a53f9f1d6f00,5560ccb5-e810-473c-ae93-bf88abf0589c,991cb51f-14a6-4dc8-bdcf-3cefde76b853,c754623c-8de4-4814-bb8c-9926b3677276,47c767ea-9640-45d5-99e4-0355f717d07c,23adb88b-7247-4e06-9ffe-fee32a2339c8,5a7ed21c-c811-40cf-b085-4ee22d5dc7f6,4a00a186-9e50-4739-9e52-e016c737bc15
ac3f8170-f133-39ff-8b84-ee366d5cc779,7746d775-9550-4360-b8d5-c37bd448ce01,Straight Outta Lynwood,CD,2006-10-03,d3fb5978-6875-42e1-8565-10da700ead3e,dc0f95e5-6b17-4a61-8479-27c5395eaaf1,3cfaac28-c2a4-45f7-9f5f-f24cc29f5a17,cfae10ae-774b-4a67-9232-ea4c84e438bf,cbfd9594-4f8c-49e0-a77f-d3d3a0014936,eb47c73d-9b9a-4192-880b-8de78114a536,2d70393a-a00b-48f9-a22a-f07bc1dd92f1,e98d1b6f-0cbe-4215-be52-57b06ed8ec04,bb7781de-8ce0-41d2-a4af-f4025ec45c3b,728e6e1d-b9b3-4aeb-ac0e-fef827d5b8fa,a1f2e63d-83e0-4ec7-a29f-1732a0c86328,8b792513-35a9-403b-9d94-95b739e5a34e,d3bd62dd-b022-4a28-8558-17015f529fda,270abcd2-7f91-419b-9a5f-85ca3c2c777d,4dd0b51b-07cf-47de-b2de-8fe813350134,536ebdfa-abcc-4931-9986-d5beeef10063,5f5be50f-3383-4df9-9587-9758a3c5de00,0112966a-fc90-487b-a759-77d98d739d66,e0f53e98-4f23-4c4a-b8b8-63baa673ecc9
9deea844-e82a-44d3-9835-3435826c11b4,5b902d9c-d840-47d3-80f5-0819854ebc82,Places to Go,CD,2011-05-31,9b77c5bc-97cc-4408-8845-10a2d64c1c12,af7d510f-388e-48c0-9fe7-14c9e2497177,b2c7a52c-666d-499c-9ad3-4df77fb9d560,2f70c430-f88b-4974-9677-c91a62064846,c4f7e9dd-0a9a-40b6-9059-b8cde6ba5f0b,ae5a7436-61a0-4865-bdc7-c23b14dae8c9,d757bb0e-f68e-42c7-8c72-20a722ba3fb7,360d0ebe-075c-46f5-ae44-5a190c9447a1,c775a2fc-2954-44f5-b63a-ab0fa9d730a1,c8ecd179-6a9e-478e-869d-98ecd5356c7f,c2346997-a02c-4f72-ace6-c3be7b0fc60f
c98842dc-f272-4716-b59e-0b706e844836,b7539c32-53e7-4908-bda3-81449c367da6,Born to Die,CD,2012-01-31,b8c633ae-5c3b-48ee-b0bd-ad9340c90d72,6cb27367-424b-45f3-b26c-e9d16e4142ee,c60aa61e-8531-442b-b1b3-058ef2cdbd73,1f49dac1-0772-4ac3-913b-954fa5633717,f1f21661-d4be-49c6-aeb6-050d35638d43,cae65223-805a-4f31-8d4a-eb39044dcff1,39973f6c-4d2f-4683-947c-10f74f909cfe,dcf38068-ebbf-4cac-853e-16d34518f7ee,9bf3902b-096a-4b8f-83d6-fc9b2c0d83e7,8c712e50-1822-4caf-9eb1-6d9cf6f8556f,53063a20-1bc0-4785-91ad-7f5c9b20fd0e,0feac813-1548-425b-b643-00cc52ab31a7,b9d06b81-b582-46d4-ad41-be47a6961892,ac71eb2c-0a25-4f06-acff-13bec69d06e1
f3bca45c-cce4-4bd7-8e9f-0558d890f298,19f00315-8c23-4d69-8f02-9cee1987b40b,We Are Night Sky,CD,2006-02-07,593a91a3-3786-4526-8c2d-1264ec4c0fdb,88c559ae-1625-4ccc-87ad-5b6621698313,dc2f8125-f42d-4498-b0f6-57dc18492caf,e015d367-eec2-4883-a1cd-0dd9d2171949,c9a6cfc6-3784-40ae-a05d-924dec4a540b,40c62589-208a-4fd7-8523-5bc5d98550bb,c157c257-a82f-48ce-98d2-8cc6b0729676,3a056e87-ecea-4402-b887-19aeac5a1340,666f6bec-5a4c-4efd-971b-8e18b0a1ee69,ffb64862-56fd-4627-8258-ecc109405b3d,8c1eb39f-490a-4b5e-a190-095358d46eed,f594b2e5-6e1f-42bf-bda2-9ea5bef034d5
d0c81325-1494-4afe-84be-3466f3858ccc,fa7b9055-3703-473a-8a09-adf2fe031a24,Prolonging the Magic,CD,1998-10-06,2dabc0d9-00ef-4631-99b8-3dc23ac0c744,c562f51c-4dbd-4280-95be-7e232dd6e3b8,8e7901e5-9d52-4738-bb0c-395d6ca17d59,0e7e78b3-3575-4f73-848d-931c764c3f19,8b1fa2c8-40c8-41d8-b50d-c2b4f6009d28,8e71a5cc-6a46-45da-8a1f-592583e82553,c93d771b-a673-451e-ba57-cb7a59d5933f,db15df4f-f4c4-480b-b7ac-59debb1c1830,69c16901-2fc6-4995-a8a9-0784e5ee861e,196c4732-bf95-4cac-9dac-a56794465958,bbd1b7ad-01b0-469f-8ac6-667040a3051d,7a8196f6-8dd5-45c5-924b-a4ff786ab796,5b65195a-d447-448e-a7ba-af5f5d4d9e79
eaeeea66-1748-4a75-b6b2-a5bf9310411e,89ad4ac3-39f7-470e-963a-56509c546377,Garden State: Music From the Motion Picture,CD,2004-08-10,04246cb0-62ff-47c9-b517-584405f4d085,da120962-6354-427f-9419-69dfd86cc366,ee39e8ae-e267-448f-a60a-9e0ee358c0a4,d836830d-fb62-41b1-bc2a-fc899d1c99cc,8cbebe83-17ba-43d6-ae3c-32d4e87345fc,27a32525-c99d-47d3-8f58-58e924313136,379543da-e5e3-4227-afc5-2ce7dcac493d,31ef97d0-1ce6-4dda-a835-081ca0c73aa5,e2a96c70-3867-42b6-b76e-bbc59a8ac87a,0e6871fc-d16f-4cc8-86fc-c8d368f906d4,fb81a071-9c63-4e8c-ab60-77403e81c01d,12851fd6-de14-4e52-8520-8a829ed75d00,ecfcdb9c-7000-46bc-8b8a-77ccfd887d78
b10eb82a-8bf0-4c46-a563-f7ea1d607f78,89ad4ac3-39f7-470e-963a-56509c546377,The Secret Life of Walter Mitty,CD,2013-12,bd79d5e4-0f30-40c3-90bf-57c1bb63d34c,fb0453ee-996c-4826-83e5-20ff9312be6d,fc9d3f66-310c-45ed-9ef2-4781df78343d,b5bca35d-8ac9-438f-a072-a0c1fcd73b9a,cbda1507-01aa-47b1-8747-aa2a3ef16dc8,63d44829-a010-451d-a682-b0c99068bdd9,7f273ba3-336d-4c90-bad6-0089a3baf13d,48ca0b1d-e0fa-4abe-b058-e9cea45b0a25,ca722fed-63c3-4426-86a7-78bef0810a8b,898e89c3-7fd9-4d9d-8db6-f2cd43c35e9a,872e3145-7f49-4f7a-afc7-a8d4deb86a77,7487e816-16fa-4124-9f57-591bb67d78aa
6402ad10-bc0b-4782-9fc3-733abbc821b5,420e923e-e74c-42ef-b771-2e2bcee93394,The Golden Age,CD,2013-03-18,0c180581-34bf-4104-95a9-1bd221c36d6e,c1f41984-2bb1-49bd-9e8a-9bdc5161b9c1,5f448d92-afe2-4b7d-a96e-16ca7e92d8e4,70f41327-d8f5-4895-8e08-b7da28dd9007,2c7b03f7-a809-4ccb-8461-bde1de9834c9,75121bae-331b-4c14-985d-10417c3a5d5e,757663b9-2e53-4772-869a-2d0d4321d669,b674f0bc-710c-4a4e-aa4f-32ad3fd76b78,4a0a7d99-a2af-46c4-8a96-2f23d0fb4a19,7f260998-1b89-4204-bc9c-9e0a09f629c8,0b8bc8ee-5bf4-4c0c-87f4-b12a5890ea40,9c8d33e0-e570-4a7f-a46a-e29bd96d1c84,5aa3cda6-dd5c-4a90-bd2c-febae53d543a,96165910-95f2-4533-908a-6b8f340ebea7
3b134d0f-848d-49f4-b831-030abf0cb487,c0b2500e-0cef-4130-869d-732b23ed9df5,Crucify,CD,1992-07-07,b6d33a54-8eda-460b-97b6-ee74d6d9dfd0,47a85b66-c186-4c97-a9fe-c41e1135de6b,f3dfe623-84af-40e7-ac2e-05c33cc3d730,96c534ec-a7d1-416a-8223-fd992d340c0a,c1b567b0-5924-437c-9c20-c8add9be7d39
34749ba4-c4c7-3354-9619-1b0f88d8222b,5b11f4ce-a62d-471e-81fc-a69a8278c7da,MTV Unplugged in New York,CD,1994,6a7612f8-b04e-4824-8fdd-cad2100c6e3b,2a5c6d93-f153-44e5-b747-2bd7b5156212,656cfcb3-5870-4db8-8510-6cb598b47aad,ce0b1b14-7d53-4a06-ae05-a4a34903e73d,fba8c753-8c84-45b4-a896-7e1f4d921fce,e0986818-9fc0-4a93-be09-77b7a6c9c0dc,122ba116-1b78-4d27-886b-d394077761a2,ae7326dc-27a7-4bd3-a3c6-db61ac6d664c,4741ce2a-636c-4eaa-9507-eb1c37ad9c5d,9738401c-5720-4569-8f56-9780b8b0ab2e,5a3c6008-0aad-4b44-97d2-800f49647dd2,6dfe539c-d453-4352-a744-4942dbdb1bd6,958c77db-6340-487c-973e-22140a8119a6,78c9a3c5-850f-45cb-8fd0-39e78a552956
253d98be-1197-45ac-9680-a10d61917319,5b902d9c-d840-47d3-80f5-0819854ebc82,Game Called Life,CD,2009-03-05,e2669808-d708-4194-b823-e97d7cadf6fc,4c4199d9-5c6d-4a8f-985e-9c9ca620c6b6,2b26701e-73cd-47f9-9cc3-f97038bd71e5,9576591d-8a0a-417f-8e7b-117cff3221c7,b2c7a52c-666d-499c-9ad3-4df77fb9d560
c6e0ddda-cb8e-47c2-936d-be23c6be191d,3377f3bb-60fc-4403-aea9-7e800612e060,hopeless fountain kingdom,Digital Media,2018-03-15,c16bd7d7-7c0a-46ab-bd67-201c83dd3660,024d8daa-7d45-4ea0-a9d4-fd6e3da392e8,64610c6f-f72a-4205-9c61-80dfe2ec8701,15bdac71-15d0-4211-888d-fcedbb553141,9896ae5c-4a7c-4d31-ae5a-4ae1712302cf,acccb60e-359f-4734-9d3b-3f065e58dd87,8263e9e6-2304-411b-a1c4-033a19b425bc,330aa71c-06fa-4eaf-920c-ff19727033a8,e7a01433-d380-4555-9666-dfd9bba57a7f,6865363a-cc1f-41ad-89b4-b4ef33a23617,ced743e6-5a08-4fcc-8b63-decc2ddc8f5e,91f1826e-b44c-4f23-af49-59d24893e28b,3f73b875-6ce9-4caf-9c4b-7dc0e1388f34,6ee91232-92cd-4c76-8ce1-70e8986c23ac,5cf8a75b-f825-4f1f-abe3-dcf053b573c3,66654775-d436-4edf-ae4e-8285c51b506d,5404386f-658b-46ae-987d-b17817e0fe43
f4a3f76f-959e-46e9-bfdb-59d8ba3066e1,a6c6897a-7415-4f8d-b5a5-3a5e05f3be67,Regional at Best,CD,2011-07-08,7d23920d-8100-492c-8297-eb2eb7d7e306,c46450cd-6208-48d5-8c3b-fa0234fa5da8,27c92101-4381-442a-93f2-d07b036aa775,c105a3d7-499a-487a-81d7-c35994e7e932,f954ee5b-9967-4ad5-ae35-13d2ef1082ef,57905c5a-6a5d-4005-bede-14104023989b,38edbafd-3f66-4ffd-9d4c-e125a6295708,db65e0a7-d861-4e46-be0f-9011fc5fbb22,e8503b24-2da2-4603-9c2b-2a49deb12106,eab6b93d-5775-4f96-9274-ed4ef78d2058,c43146f2-7b15-4eb7-ae71-10e5bb7be10a,1eb2f316-fa83-4378-973c-730df5b6c976,bcf10317-6585-4c0c-9540-bf02272667e6,8e5d6586-9dba-4e0f-91b8-d7c7e7701e28
91895f0f-d7da-487a-abd8-e6835ae6f4e7,d43d12a1-2dc9-4257-a2fd-0a3bb1081b86,16 Biggest Hits,CD,1999-02-02,70cc0032-09d4-440b-a50f-bb2eb0c2a452,a1e00af7-1656-4b1d-81a0-d611b890e889,dc2eec9e-48f8-48e3-af90-848de7786b41,096bb8ac-5781-45d3-86ac-e029b2b40efb,7cc69ab5-c00f-4be7-a4bd-3425d199cb71,2320c31e-cee7-4a92-a5d3-8cd4fa71890a,441c050b-75bc-48f9-9480-72fed7c4e753,adf3cc9d-d4d2-4fad-9102-331f8d3c6dcd,94273c77-41e1-4286-804e-21c714c77a0d,f28ab380-631e-4421-9e95-f84a61f2ac5d,1259097a-32a7-457d-b321-a98f57e6edb0,c21b28ad-965c-48fe-9335-b5f277fb7ee9,e40ebf90-0cb7-4499-bd04-aab701b6feb9,73ddec7a-f259-4942-a9b2-a7b928b0f593,b9e8436a-ef5d-4949-af67-f95ce1667f50,bfd37140-14fd-497a-a39d-c133011ac244
5873dd27-2740-4f4d-9f95-564e64a729d3,5b902d9c-d840-47d3-80f5-0819854ebc82,Departures,Digital Media,2012-05-15,52bbc5a1-5deb-4bf3-a68f-45eaf2592921,1b3e5b6d-93c4-45a8-b81c-e51ac84cda4c,82a74df5-4012-49b6-a5ae-3fc6a83e5cfc,de67c1c1-02b1-49c8-be1c-4451e6ce1ccd,6d82d0e9-ec20-4b5e-8993-382d59dd8069,0ded31f2-22b6-4ef8-bca4-947ab3071a78
b06c3767-685c-3ad0-93a3-e38895601aa9,9c9f1380-2516-4fc9-a3e6-f9f61941d090,Black Holes and Revelations,CD,2006-06-30,a28635ae-0520-401c-be53-20f4846f0113,55a7eb65-9b9e-4701-b6ae-de32b3a5652e,14b6ae5a-3ae4-42a4-99b7-139f347b600b,ff1e3e1a-f6e8-4692-b426-355880383bb6,d604a1b6-2cbd-4dc6-9682-a746405f247b,b3feb9d5-9ac5-493d-8f7c-10bf5013e964,c3823516-739c-4697-933b-f7f260e9aa60,a528ba1a-564f-42da-9953-01f7db07e881,aa0a3d7d-6f24-47ce-9809-ff58cea0a7bf,cccc851d-9214-4d24-9df6-e45f62664dbc,60e94685-0481-4d3d-bd84-11c389d9b2a5
306d6355-7d80-4fb1-830d-467aca3e1c44,5ca3f318-d028-4151-ac73-78e2b2d6cdcc,Wildflowers,CD,1994,2eca0f04-261e-4aa7-a83e-0d01d5909d8f,4e11412f-4d9c-4e83-8e14-091b6f95425a,6d2cdc84-5340-4976-b5be-69f0fc564b62,f683c6bd-00bc-4d4a-b3bb-e287686ca6f5,eea44c2c-66a8-413b-a1db-50e18c6bb18b,f6a2602a-b21c-4fea-9312-ef1e182d01cf,a98f8dfd-c54d-4c1c-baa1-e14b9edfdaef,5b6f20df-a3fa-4469-81f5-189bc5dc781e,f955bea8-6a46-40c0-80a2-30d2fbf1dbec,2072e132-7456-4c6f-93c6-e65f39d901f7,116a9c7a-7589-4761-8deb-1b79ad2d4373,05e3ed27-303b-48bc-8c35-1a763230b721,97e1b4eb-9346-4ce8-a292-891d77fb8bbe,36d59a3c-a20a-4c75-a841-2c819aeefab0,a30043b9-3487-459d-929d-26faf35f8418
fcdfaf16-ca69-37f8-9616-9f0c5dc2c903,fa7b9055-3703-473a-8a09-adf2fe031a24,Fashion Nugget,CD,1997,dc6a74a7-5296-4d83-82e5-d11bf0740f6c,55ab482c-dd64-4100-8d22-a765d076a83d,6e162e3b-773c-4241-bb2f-b1892f211a36,96750ac2-ff61-4262-914e-e3bc52e45822,f75cc9a9-49cf-440a-a665-f57d96011c1c,38412f4a-ab3d-4b91-a7c1-4f83e02ad1e6,f4849f58-50f2-4427-9e3b-03a1ee949d80,a3f65f77-cc00-42eb-a336-52cfd7bee22e,2557aa5f-b101-481c-9a9e-ce7dad5512bd,ec6ded2c-d6ef-4f8f-880e-b25ab434304c,d2bb7650-bdf4-476a-b74d-35345cc1dbfe,17514e31-e00e-44aa-8450-c4a7fffa317b,aba92f0a-ff91-4c85-aca2-b7f43ad9e9e6,c3cb461c-8d57-4834-aaef-3dc042468cca,d18df159-c100-42cf-bfd1-77a14c55751c,90236c0e-25f0-48de-a47b-99615e5cf536,8657c138-fed2-478f-abd7-bf7fe9cc2d68,a80d04f3-f941-4053-a537-26516e12da1e,8cbffe04-066b-4a68-a1a2-67814f9b5da1
38e73fee-7420-4f3a-805a-6fdfac011ac2,86e736b4-93e2-40ff-9e1c-fb7c63fef5f6,Gordon,CD,1992-07-28,593769a6-55c1-404c-aa9f-925c9919c8a8,1e235f17-6867-4b7b-9dc4-91cc2d754db3,3a95f3c3-ee1d-4c21-ada6-b34c31e3f83f,39706b8a-b432-4bff-8644-33ec2fec0259,ddc60c9b-c4b9-4308-92cc-305dac7124e9,0d61b63c-6013-4678-b256-2817fd0b8bc9,ed3569c8-441d-456f-934d-07790d4fa31b,69671625-e7b5-412e-b10f-5ead60cdfb66,81776847-e609-4b70-9985-a77e88316667,83d95e86-d3ac-4604-b07b-4109a8bcc744,47054d77-82ad-47b1-b595-b54d2cb1b36b,35fe9c12-acbc-454d-9dd3-a435aa383beb,dc916e76-9ef6-424a-ab38-78d52b987054,297ea740-cedf-42ac-9e91-d833cca7e1e6,c8964f0b-841a-4876-8633-c26ff4b9aa34
52325dda-5797-49d2-ae72-49cb70c8ba47,084308bd-1654-436f-ba03-df6697104e19,Dookie,Cassette,1994,e3dd792f-8513-4fe8-becb-9c392e59c5a3,6af5abdb-52b2-4a84-b98f-b06af73b83e0,c2d8ca4f-503a-452b-ae1e-9646022eaf50,1c398e28-a63d-4c25-813b-ef9a96aadacb,a52d71cb-443c-4910-b37c-cd70e4b0b1ef,7ed813a3-56b6-4acf-8cbe-c89bc750ec15,3883ced9-a428-4476-ae90-652acf2360d9,ff579c58-b702-428b-a8b1-7dfcd9597e1c,c3b0c2ea-da04-46b3-b3c6-76d99c6c4ff5,ff6a854d-d2c3-469d-b60a-7b982f66cb9c,d59ce81e-6c41-4836-929d-e2983ac644e9,abbf5c72-081d-41ea-a110-4f1e366b6f79,656f68c4-40d2-4919-aa9f-5457d6afa6b9,7db979b3-dcde-4a9e-87b6-e0b09268be03
66b1a283-08e3-4096-b4b6-38bb8cba30ab,c0b2500e-0cef-4130-869d-732b23ed9df5,Little Earthquakes,CD,1992,6fccc0b1-c7e5-4f5c-910d-6220eb7f5edb,998fd949-5222-41ba-9cb8-b2272474bfdb,0157ef94-14b7-4a9a-8ded-19b9594490f0,0ce710f7-667b-416d-9610-5f4342ff0520,50c7c153-5f7d-4c0d-b181-fd4fa53946bb,f835ae89-146c-45ec-adf8-9b5c388c69c8,51d2c2ff-a5fd-44f9-9c1c-7ca9fdc7dd1d,e1ffb53b-b0e4-4c15-8c7f-fb060682da51,c1b567b0-5924-437c-9c20-c8add9be7d39,98200ec7-d828-4e4f-8dbe-b20e6d519f88,d6118046-407d-4e06-a1ba-49c399a4c42f,6e71c125-3cb5-4a19-a1f0-66779c9ae9f4
1323ac7b-a593-451f-b66b-be356c77ac55,7509421d-1074-442f-be8f-b526167afcb3,The Presidents of the United States of America,CD,1995,5879a665-91aa-4438-8309-38dce19776b3,ada385a5-ba70-407d-844e-d122d4664410,d297f0f5-57e7-44ab-b26f-3da40ca2a5f0,d3ab801e-b96d-48ec-abd0-2f97fb83f11f,b6dd5891-e78a-4a88-907d-1ca918abc308,57fc7a42-2788-4045-8cbe-279cdec880e5,3d37fdb8-e11f-4b7d-963b-221551194dc4,a1cea9cf-0893-4c3b-be33-2a260d327659,4ef167a8-0c26-4b60-8ace-196807145c0c,46c166de-1626-40ec-8281-e4a14e92d01c,a1115750-e426-416d-aa9b-9954eb0e0b0a,61dff68f-8313-48c0-8240-e95120a0d395,789038e6-8b33-4904-a4f0-bf06987bf490
03b864cd-7761-314c-a892-05a89ddff00d,95f5b748-d370-47fe-85bd-0af2dc450bc0,Sublime,CD,1996-07-30,ddc77377-cbb7-442b-99af-6a165b6053bc,ce7af17a-f9bb-43fc-9b33-c8e15dd18cf0,d0341b49-fca2-40b9-be43-754fec1b6fcf,01b6ceb8-b3e7-486a-afea-f9943224e325,54214d63-5adf-4909-87cd-c65c37a6d558,1b746d71-8410-4551-84c1-f6aafe631a13,887dec30-5d1a-4202-b4f5-0ad83b0c9781,26ee81f3-3585-4545-95b8-da7495f90d19,141bbc85-10d5-4e49-b5b4-d3139a2d824a,63026c60-e046-42a6-98ab-0ec96d1a99c2,eeed70cb-7940-4b07-a88f-293004cd07d7,1dc0e626-cb50-400b-ada5-8dfe22384910,651eddc8-864b-4549-9fb1-4277d727ad17,bb883fd9-ab17-434f-b336-9469a2b4f363,ae753a5e-bfb9-4f12-b436-a83238a05157,338c522b-b65b-482f-acec-a073dfe16f21,43b0f46d-7961-418c-a87b-7ce8c3cc51b4
de587194-8aa4-4cea-adb0-d39a51937ca2,83b9cbe7-9857-49e2-ab8e-b57b01038103,Yield,"12"" Vinyl",2016-09-02,34f8a2f4-0476-4d6e-937f-b9ba9cbc7926,2e8eb81d-d328-42b8-b829-29406e251512,687f2677-6198-47a1-9d99-8666d57db37e,bbaea4b8-1b22-443d-8a37-49567d7c0042,beffa4c2-f44f-463f-ab1e-ae9ea0cd2f72,6c2a15c0-1c1f-489a-ae41-cc9abf0bbd9e,829ff08b-6620-40f0-863f-edd4d68a9c29,c4d2d7d9-e573-426d-afc1-f0fc79d4ece3,6aa99cc8-7c13-4011-8c55-b14922079cf7,bf196703-9bd0-422e-a390-7779ffa3b79f,e97448af-bea2-48b7-890c-011260b6b847,7ab5d1cc-1925-402f-9374-66e45b438f13,5f762ad7-4c02-4fbd-a9ca-8e07873c5834
bbed8952-098e-43c1-bb6d-47dae36c5d36,2b5e6093-50b4-4b12-acf0-eac69c955076,The Crow,"12"" Vinyl",1995,4076ecf4-c2d1-4dff-8403-1400b15b900d,0c4496f3-03fb-400f-aa34-6c003fb9acbe,b73d5acb-6232-48ba-9dfe-57d03164528e,89a2f9f7-462a-4db4-a004-e6775315e605,008ae406-c584-4982-9843-43e313c25e3e
c926622f-8a26-40e6-834a-b8c8bf82d0d7,a6c6897a-7415-4f8d-b5a5-3a5e05f3be67,Trench,CD,2018-10-05,f5132c2a-203e-454a-9518-e994e40daf3a,a381b7aa-022d-4d02-83a4-2c9fd7979c43,fceeee63-4864-4916-a298-b26c1c80b196,d9cf1e5b-e83d-4534-a024-f3064dd0a37c,ebeb8adc-37b3-40b7-9ef0-475f59dc3d04,4f8fd3f9-b91d-40c9-b215-8f83aaa0611e,d93a5977-2c42-478b-808b-d6994779b287,621c2228-b6bc-4af5-881e-d76fcea75e6d,21625df1-4300-4eb3-bb34-de0c261aba2e,24e6c878-c1a2-4e64-8d8f-a229f9b6d1ed,f19fcfc1-dd92-4fb6-b3eb-c4b301af3d68,38cc0148-b284-4565-a5e4-e017395c3b00,3431818f-7925-4071-b618-4c50f0509520,eec9e700-7a2d-40bb-96cc-a897a5bd601d
9d6d1e4c-bc3b-4a8e-82bc-5ea5ef36bc02,084308bd-1654-436f-ba03-df6697104e19,21st Century Breakdown,CD,2009-05-15,9273adf2-b30b-409d-80fa-0b9c19c76208,113a37f1-8a33-44a5-90ec-4f06b3d8ed19,b65e70cc-9617-4293-9809-08aaca1dc4ce,fea43a0c-e595-4a28-8957-3bd33641f086,558d0dfb-6354-4e63-b0a1-7338ab3b0045,17e59c6e-320c-464a-b1c7-3ce997627d1d,144d76ef-95e2-4e93-b265-0f5601712e53,a3964942-e797-4470-b4a4-03e258d966dd,690f995e-4417-4a92-8c89-af41a64e5e00,8088bcc9-a9c8-40c5-9b3a-dc3b033e4fe7,10ba364f-51c6-4bfe-867f-8c4a366ba1ac,54e3b160-f237-4d13-9c67-a7905d5a3921,1c98f48c-b617-489c-adb6-31aae5038636,e806d1ac-96c3-4207-87ea-1c414ad9e5f9,e86e3274-c39f-43d0-ad65-067a61e169dd,049322bb-c5d6-4433-8448-9ccbdc329bb5,2cdd09d2-5c2f-422b-88c0-9366d089f12f,fc214777-c420-4c7c-85e7-791122e09ebf
7b87d2a5-96ec-3223-b018-6a1aea60b236,83b9cbe7-9857-49e2-ab8e-b57b01038103,Ten,CD,1991,d141baa5-ad5d-4893-aa9e-ae50d6c117bf,cccf8dde-f822-4981-b534-16e36c62de88,1778d1fa-cd04-4ac4-ac40-d467d41e2190,94bed552-376f-492d-8e87-f470aa7fda0c,36d62268-a2ad-472f-99e1-bc338470f2d5,1226999c-e94e-49a0-94a1-3028d99b2883,0d7a3bdf-61b1-450a-be57-39dcd5f2ded1,35cbb45d-0b40-415e-9301-f43fec4e1497,1ba7114e-c6fc-4988-aaba-e6ff22ed1a29,39dcbb7e-3432-4a0c-972d-4c036da466fb,c8ecea4a-b955-416d-866b-c218a73fa588
c45e0e0e-48c9-4441-aac3-2f2b34202d3c,cc2c9c3c-b7bc-4b8b-84d8-4fbd8779e493,21,CD,2011-02-22,797ae656-81d4-4d89-bddb-eca56f77ba72,7932ba40-a0d3-4a7e-8d85-b351fd33317e,4f515654-052b-4631-8a78-57ea362cd18a,04f96056-91ac-4b64-af89-24c596013f05,5ac6c47f-bce8-4718-8bc6-f1de40693d14,dd2d2073-50c4-438a-91cc-a1fea1c81b12,4dd209b9-80fd-4e11-8093-3bab2db810fc,f5057d26-1aac-47fe-b766-18c5a28927b1,1a13c710-4b7e-4701-8968-cd61f2e58110,d1e0a99e-1894-457b-ba6a-985eeef4d0c4,028efe7f-cdfb-4135-846f-848f2fff15b1
1040d921-e3d0-3dc5-b033-09fe8defa2aa,6e0c7c0e-cba5-4c2c-a652-38f71ef5785d,"It’s Not Me, It’s You",Enhanced CD,2009-02-06,68001cd1-150b-4584-ab4a-ca691ba45551,a4b25265-8261-4f0e-84f5-d7e29fd33162,a755521c-b795-4fc3-b07b-96db40c07aeb,938f39da-040a-41b4-af10-7fe5282d5790,976a369d-5a44-4034-9922-7533e5692934,0989d184-33ac-4f74-addf-2f34c5881cad,3f92576c-4465-49de-8518-ad244857018b,b92d906e-fc3d-4cd8-878b-a38b2e8dea32,730363c4-1066-49e6-b0a9-fed9acce9eb2,12888ad0-1a11-4bdc-9496-909daccb0c96,07b6ef02-92ed-4ce4-9e61-51f439f9bfdd,acc397bb-0006-4c01-9cdc-51c9811cc184,f83c1a6e-d18e-4b69-aff2-2919c24b7913
402e377f-0c6e-3643-a253-14205438d1d4,fbd2a255-1d57-4d31-ac11-65b671c19958,Return of Saturn,CD,2000,ed288019-e5d4-4f55-9ba4-a9cb682252d4,b19d5cd7-bcae-4f45-b73d-bc1cdf7647cd,98ce5ee7-bb3e-4142-ac52-67f94c615e3d,df364526-a805-4e44-be88-76d3f3ee678f,cc4050d8-84a4-44b4-9de1-d244feed9751,2a19aa5f-db9d-4792-bc1e-600189eb9ec2,b6dfdc11-5f52-4c50-b987-4c621a3a8eaf,683b8e21-0c50-4074-a577-a8de8af6e95e,fed9793d-f361-4aac-9070-a836b5e81eb7,89c2cb78-0ac4-4c03-97ed-2c6c2a594a5a,a6923cd0-8b7e-4650-a911-63c4172fb211,60de9f58-423d-4a9d-94e1-9b1d309a9b18,ede14e19-a715-42c9-b7e4-a7343a5303f9,2aafa22b-0b2c-4c60-b7eb-fbd4ac45d4a7,c5961d32-50ac-4c80-883a-49da9481ef31
2eece058-39a8-4dd7-af54-b94ae39ec7fa,925c7673-0e85-410f-b7e4-d9705a7aa619,Hamilton: An American Musical,CD,2015-10-16,7b5ff955-337d-4ba2-bf12-f242436e3ebc,6d3f3086-dedd-4d3b-a791-99a4a3f4f141,82ee894e-dca6-4d8e-82ce-ad2dbbdf9114,4c04a3aa-38a5-4a9e-a40c-cb8dae19563f,ec535711-a0f0-4ea9-a7c4-4058304da434,99ba63cd-544a-4d56-94dd-80a6425d82a5,924b2655-39c3-4fe1-b10d-361dadff25be,e5164136-5f47-43b2-b32d-96ef82c5f01c,076c94d9-61a4-419a-b8cc-c48f58763d90,8396229a-72ce-4622-ab69-d40fe9feab2f,4be6d7b6-36c2-431e-9bc3-01af8cc4881b,a2157d6d-fd36-45f2-8697-5361b6083c13,0cd8ff70-51de-4f97-bfe1-5fd712b14ac6,c6538eef-aa78-4ead-bc86-a53796aa0251,edf55bc5-d52f-4579-ae6c-32e1a441b517,aabffb39-85f7-41bb-87c2-79f7dcb2914d,3120b89c-5488-42c1-9ebe-736a84d38f17,3b3af960-0fc2-461f-ae94-32add47c3d11,a98d2b8d-db26-4570-802e-93493301cf46,7719a95c-313e-4654-be5f-411e927dad01,7453353e-4c0f-444a-a596-2879c69e794c,41e39368-95c1-4ad7-b33b-68e1fd87fcaf,aab1b17e-5422-4f73-b8a9-511be414dd80,8cd79132-4ef8-4672-8b69-9412e4d304d8,8153205e-190b-4384-a431-2696b8e05af2
e4d198ae-de3a-4cfb-9aae-3561e92ae16a,c0b2500e-0cef-4130-869d-732b23ed9df5,Crucify,CD,1992-06-08,6f795434-113f-4af2-9221-ef675de8c962,848701cc-6163-447d-ba0e-65234f7dfeeb,610ff1fe-b2eb-4358-9db4-9faa011e31da,b6d33a54-8eda-460b-97b6-ee74d6d9dfd0
c27210af-7b49-4c55-abad-5a4209efc2b8,89ad4ac3-39f7-470e-963a-56509c546377,"Guardians of the Galaxy: Awesome Mix, Vol. 2 (Original Motion Picture Soundtrack)",Digital Media,2017-04-21,04d2b46d-be25-4bb9-91ee-0b7b6fc70a47,8066c9fe-827e-4b9d-bf17-11208b24f0e8,204f3908-0e96-48f0-a4d7-83e6a830e53b,7571a56b-994e-4829-ae8b-71abb84809be,57dd9098-baab-4157-a27b-fbdcf94ad02e,710e97ec-1e0e-4ffc-9bad-240839c09c41,accad857-6d36-410a-8859-3e456a08b1ac,cd06c484-9319-4376-a104-504871e19756,cf944524-4d02-44cc-b479-7885ccd136f1,5cc7904e-2ac2-4e07-bc5d-f6febbf85145,1fbde198-a68c-451c-b50d-20f272ddc157,85d86d5d-47f9-4e9c-b6f7-1c5c1504b3ca,9f736312-90b7-4191-9552-05033eda711a,6e33056b-2a34-4ed0-b49c-f7a8ae2c5bcc
dc095dc8-1b04-3a05-90e1-1e35532dfd14,c0b2500e-0cef-4130-869d-732b23ed9df5,Under the Pink,CD,1994-02-01,f6e98c4f-1947-41bb-ab19-29376d5e7622,0c9805e3-5114-4801-a409-973a319683d4,0e2096e6-7908-414a-8e35-0829d5a425ee,a37d188d-e800-4e1a-9a50-cdaa6274bb69,c3737ac0-36b3-467d-b8a9-ac822ea62bfa,1222bfac-94b0-46d7-887d-fc11ba1a3af2,2a7317f9-daa4-47be-b537-5c4583ca7c3a,0a984e3b-e38a-4b86-80be-f3a3eb1114ca,ad73ef2a-a4ff-4970-82f5-fe8901033d7c,8815874e-8ac4-4884-a360-f05c4e5b8fc1,b181d04b-5414-4224-a258-db5cf2d9377e,0ad5b627-7687-4369-935f-e291cf22a3a2
59fa3549-6599-49c8-bba7-5db783d5895b,6fe07aa5-fec0-4eca-a456-f29bff451b04,Weezer,CD,2016-12-14,65bb5ce9-6ff9-4385-b0f1-ece6366853b5,4882dcd4-213b-4d5c-a179-3e31a9d3369c,bab2ddef-0960-4354-9b83-e227586c1647,941e8fd3-7bc8-4136-bf9e-4117befb21b9,9ff25305-e1c4-4f43-969c-d38161d32713,08de2b71-80dd-46f3-ad6a-912bdc779ed3,6e99b6da-d8e2-4f01-b91f-f5db166d081c,dd832390-db07-4f16-b7d3-36a08d86c921,5c895016-1752-499a-b161-448678767d41,612798ef-40dd-4d60-b08c-fb9a0fa39229,ee17d0bb-46f2-42a7-bd3f-bf31e40a6ad7,247f9a5c-96e5-48ba-889a-497d180f3749,459fd2e5-4a39-4401-96ed-27ad09cce035,6fa1a2fa-9adf-4b75-a9d7-ac422f260031,74df62df-e330-4377-9f8d-af68c4e1d4c1
c8bbee82-cc66-4035-bf4d-d793b53673d2,22fec580-f9fc-4baf-b8b1-3bab79be8ec8,Different Stars,,2004-10-19,3be1337a-8442-4abe-befc-b483de200a91,dbdf7a1e-d224-44ef-b5ef-d1168119a482,9fc9dcb5-9e9d-46c3-9cc0-c04751409a4b,cc4fd5f5-7ff2-4a00-b377-9c1d1271cd33,46d5a069-8db2-4645-ab8c-38fd16f4b78b,898cfa63-09bd-4fa8-b76e-1d50c62a37ac,e707d68b-d93f-4698-bef4-b2f274f412b7,acc025da-7447-4cf3-936a-2efba0c97438,91c5c074-e0bb-4f11-88c0-659a2748b42f,1d1cabe7-a764-479a-9af9-095d9450b709,03cfbd24-f010-43d7-b88e-58fc9ba7af63,db4ced4f-be2b-4339-89b5-b969a7322ad9,8db0251b-7612-4fb4-9b3f-71293b01099a
2f1b11bf-5dfe-450e-9db9-6b7804dc90eb,6c8b9855-ba8b-48f9-ac1d-42167f7f7b18,"Oh, Inverted World",CD,2001-06-19,d836830d-fb62-41b1-bc2a-fc899d1c99cc,80a7eaf1-4c75-4c6c-ae08-71f5d9e147ab,5a112297-02b5-4e60-939f-10274aabc541,89a859c3-3f3e-4ff8-8cb1-bdacc8b1aecf,8cbebe83-17ba-43d6-ae3c-32d4e87345fc,e02c2c2c-1a61-4f5a-a146-ea39cd7fde97,7fdf8076-14a1-4f2d-846c-ba9e5e9710f9,8cfad2d3-ee75-4be1-b8f0-889b13c2310c,cc71a15c-656f-4c14-aa15-8aafe0f3ff04,e7b82030-adb2-4534-9992-5ae822dc1d23,1b4d1b1c-11ad-4d14-bf27-b1ce292b5c6f
