6e33056b-2a34-4ed0-b49c-f7a8ae2c5bcc,89ad4ac3-39f7-470e-963a-56509c546377,304453,Mr. Blue Sky
34f8a2f4-0476-4d6e-937f-b9ba9cbc7926,83b9cbe7-9857-49e2-ab8e-b57b01038103,179733,Brain of J.
c1f41984-2bb1-49bd-9e8a-9bdc5161b9c1,420e923e-e74c-42ef-b771-2e2bcee93394,266373,Where I Live
a3964942-e797-4470-b4a4-03e258d966dd,084308bd-1654-436f-ba03-df6697104e19,261000,Restless Heart Syndrome
a47188c5-dc07-4f8d-bcbf-0f7c14f00795,6fe07aa5-fec0-4eca-a456-f29bff451b04,259680,Jamie
d3ab801e-b96d-48ec-abd0-2f97fb83f11f,7509421d-1074-442f-be8f-b526167afcb3,164173,Dune Buggy
593a91a3-3786-4526-8c2d-1264ec4c0fdb,19f00315-8c23-4d69-8f02-9cee1987b40b,194293,How Long the Night Was
dc2f8125-f42d-4498-b0f6-57dc18492caf,19f00315-8c23-4d69-8f02-9cee1987b40b,205266,Walking Stick
8a6bc164-bf01-4318-af19-cf6559d88b95,628abc89-3e26-4e2c-b33f-67544ccbb72c,61000,Tala Returns
1e235f17-6867-4b7b-9dc4-91cc2d754db3,86e736b4-93e2-40ff-9e1c-fb7c63fef5f6,177000,Grade 9
f4849f58-50f2-4427-9e3b-03a1ee949d80,fa7b9055-3703-473a-8a09-adf2fe031a24,81120,Race Car Ya‐Yas
a4efda09-a1f5-4c1f-9c27-163eef67699a,7b7b1e6f-e73e-41a0-9d72-8f0b30c6992d,277893,The Big Issue
a1115750-e426-416d-aa9b-9954eb0e0b0a,7509421d-1074-442f-be8f-b526167afcb3,112000,We Are Not Going to Make It
254a9e3e-11f3-4500-94da-59abbcc49e33,fbd2a255-1d57-4d31-ac11-65b671c19958,275066,Different People
46c166de-1626-40ec-8281-e4a14e92d01c,7509421d-1074-442f-be8f-b526167afcb3,170666,Peaches
53193d52-23c5-47e4-9e49-5848562dac1f,925c7673-0e85-410f-b7e4-d9705a7aa619,87000,How Far I’ll Go (reprise)
63d44829-a010-451d-a682-b0c99068bdd9,89ad4ac3-39f7-470e-963a-56509c546377,311000,Space Oddity (Mitty mix)
8c79c5c2-3e13-4c1b-8be0-198a6fcdb3e8,00b82d40-1abc-4139-be19-e64243c698cb,177706,Sacrifice (from “The Gift”)
207a7420-6971-4ab0-a671-e428d648ec57,a13c01e2-7739-4b25-af65-38e2fcb560e2,209000,Crimson and Clover
0d7a3bdf-61b1-450a-be57-39dcd5f2ded1,83b9cbe7-9857-49e2-ab8e-b57b01038103,546026,Release / Master/Slave
7ab5d1cc-1925-402f-9374-66e45b438f13,83b9cbe7-9857-49e2-ab8e-b57b01038103,206200,Wishlist
f5132c2a-203e-454a-9518-e994e40daf3a,a6c6897a-7415-4f8d-b5a5-3a5e05f3be67,225000,Nico and the Niners
3f6a83bf-64c6-481f-9438-783e3d2bc9a6,183d6ef6-e161-47ff-9085-063c8b897e97,118200,Particle Man
25c22627-b4a3-4f55-854e-b85dd82ca945,328d146c-79f1-4eb6-9e40-8ee5710c14e5,250986,Have You Got It in You?
bb7781de-8ce0-41d2-a4af-f4025ec45c3b,7746d775-9550-4360-b8d5-c37bd448ce01,234000,Don’t Download This Song
c93d771b-a673-451e-ba57-cb7a59d5933f,fa7b9055-3703-473a-8a09-adf2fe031a24,233000,Where Would I Be?
5879a665-91aa-4438-8309-38dce19776b3,7509421d-1074-442f-be8f-b526167afcb3,203133,Kitty
98200ec7-d828-4e4f-8dbe-b20e6d519f88,c0b2500e-0cef-4130-869d-732b23ed9df5,279000,Tear in Your Hand
9b733049-855c-48a6-93e8-131cd002a6a4,fbd2a255-1d57-4d31-ac11-65b671c19958,202133,Sixteen
0feac813-1548-425b-b643-00cc52ab31a7,b7539c32-53e7-4908-bda3-81449c367da6,230533,National Anthem
fb99385c-4dfa-4b47-a039-3e34aa19a202,89ad4ac3-39f7-470e-963a-56509c546377,178853,I Want You Back
b5502d6e-25af-4655-966d-faceab6fa0df,4bd95eea-b9f6-4d70-a36c-cfea77431553,338173,Down in a Hole
cc71a15c-656f-4c14-aa15-8aafe0f3ff04,6c8b9855-ba8b-48f9-ac1d-42167f7f7b18,140893,Girl Inform Me
593769a6-55c1-404c-aa9f-925c9919c8a8,86e736b4-93e2-40ff-9e1c-fb7c63fef5f6,236000,Blame It on Me
39dcbb7e-3432-4a0c-972d-4c036da466fb,83b9cbe7-9857-49e2-ab8e-b57b01038103,210520,Porch
2f26361a-02a1-4ab5-a7fc-a75dc5fff96a,afb8f901-d846-4c70-a898-59bc183d1da7,222426,How Does a Duck Know?
5cf88ddf-0a42-40a2-aae0-40882ee1a15d,628abc89-3e26-4e2c-b33f-67544ccbb72c,117000,Maui Battles (score demo)
f83c1a6e-d18e-4b69-aff2-2919c24b7913,6e0c7c0e-cba5-4c2c-a652-38f71ef5785d,278266,Everyone’s at It
21534033-49a6-41ac-a354-715e43529389,83b9cbe7-9857-49e2-ab8e-b57b01038103,168920,Animal
7d4b6488-d906-4d23-89f8-b6ca8fd8b843,ba0d6274-db14-4ef5-b28d-657ebde1a396,200600,Luna
fed9793d-f361-4aac-9070-a836b5e81eb7,fbd2a255-1d57-4d31-ac11-65b671c19958,274773,Home Now
7884445c-5f42-4391-ae1d-fadce0fc94a9,7b7b1e6f-e73e-41a0-9d72-8f0b30c6992d,248040,Amnesia
6d2cdc84-5340-4976-b5be-69f0fc564b62,5ca3f318-d028-4151-ac73-78e2b2d6cdcc,289000,You Don’t Know How It Feels
cbfd9594-4f8c-49e0-a77f-d3d3a0014936,7746d775-9550-4360-b8d5-c37bd448ce01,232133,"Confessions, Part III"
c1b567b0-5924-437c-9c20-c8add9be7d39,c0b2500e-0cef-4130-869d-732b23ed9df5,343000,Winter
52ed0a5e-09b5-42a4-ad11-3e22441d1021,d6ed7887-a401-47a8-893c-34b967444d26,92506,Judy Is a Punk
2330cbd3-0153-45f4-bb8f-955aea3d981a,328d146c-79f1-4eb6-9e40-8ee5710c14e5,314066,The Walk
33c2178d-9ffa-4e39-a3c5-92fb0b9a1e11,183d6ef6-e161-47ff-9085-063c8b897e97,28200,Theme From Flood
ede14e19-a715-42c9-b7e4-a7343a5303f9,fbd2a255-1d57-4d31-ac11-65b671c19958,264253,New
70cc0032-09d4-440b-a50f-bb2eb0c2a452,d43d12a1-2dc9-4257-a2fd-0a3bb1081b86,506866,The Legend of John Henry’s Hammer
0989d184-33ac-4f74-addf-2f34c5881cad,6e0c7c0e-cba5-4c2c-a652-38f71ef5785d,230986,Who’d Have Known
536db395-cefa-4c58-b762-1ce66bb555eb,fbd2a255-1d57-4d31-ac11-65b671c19958,226160,End It on This
a40e20b0-b08f-4657-8d15-57ead3408736,ba0d6274-db14-4ef5-b28d-657ebde1a396,98933,Sweet Sweet
e26b6b74-d2b5-4e84-99f3-cc36cc4270e1,0383dadf-2a4e-4d10-a46a-e9e041da8eb3,238600,The Invisible Man
4af967a1-0a7f-42ac-93c8-e5e80f70a6c1,89ad4ac3-39f7-470e-963a-56509c546377,195266,O‐o‐h Child
c4d2d7d9-e573-426d-afc1-f0fc79d4ece3,83b9cbe7-9857-49e2-ab8e-b57b01038103,258493,Faithfull
ba0f40d2-69ee-4b28-bf32-a08ecd26b7e4,183d6ef6-e161-47ff-9085-063c8b897e97,114000,Twisting
dc2eec9e-48f8-48e3-af90-848de7786b41,d43d12a1-2dc9-4257-a2fd-0a3bb1081b86,143040,Daddy Sang Bass
41e39368-95c1-4ad7-b33b-68e1fd87fcaf,925c7673-0e85-410f-b7e4-d9705a7aa619,329000,Satisfied
1d49f5ed-46aa-4b39-bf01-26f1b776c24c,328d146c-79f1-4eb6-9e40-8ee5710c14e5,254520,Clear the Area
f1f21661-d4be-49c6-aeb6-050d35638d43,b7539c32-53e7-4908-bda3-81449c367da6,222920,Diet Mountain Dew
7ccf9a54-0c12-4b74-92b0-e3ed743a51cc,f4abc0b5-3f7a-4eff-8f78-ac078dbce533,200379,ocean eyes
d3bd62dd-b022-4a28-8558-17015f529fda,7746d775-9550-4360-b8d5-c37bd448ce01,0,Don’t Download This Song
2f70c430-f88b-4974-9677-c91a62064846,5b902d9c-d840-47d3-80f5-0819854ebc82,259000,Sometimes
f594b2e5-6e1f-42bf-bda2-9ea5bef034d5,19f00315-8c23-4d69-8f02-9cee1987b40b,172266,What the Stars Have Eaten
0c4496f3-03fb-400f-aa34-6c003fb9acbe,2b5e6093-50b4-4b12-acf0-eac69c955076,0,Born to Die
82ee894e-dca6-4d8e-82ce-ad2dbbdf9114,925c7673-0e85-410f-b7e4-d9705a7aa619,112000,Farmer Refuted
6e71c125-3cb5-4a19-a1f0-66779c9ae9f4,c0b2500e-0cef-4130-869d-732b23ed9df5,300546,Crucify
75b978da-d98e-45c4-838e-5c8eb712b8a0,ea99eec5-bd72-4b4f-86e4-54c5a34f7e10,321000,Short Change Hero
d5c0f5fe-f27a-492e-acd4-032d0b2aa747,b7ffd2af-418f-4be2-bdd1-22f8b48613da,331626,The Becoming
36d62268-a2ad-472f-99e1-bc338470f2d5,83b9cbe7-9857-49e2-ab8e-b57b01038103,161893,Oceans
7f273ba3-336d-4c90-bad6-0089a3baf13d,89ad4ac3-39f7-470e-963a-56509c546377,162000,Far Away
b6dd5891-e78a-4a88-907d-1ca918abc308,7509421d-1074-442f-be8f-b526167afcb3,179706,Back Porch
34449dee-02a8-47b6-80e0-7addea03db97,6fe07aa5-fec0-4eca-a456-f29bff451b04,241986,Miss Sweeney
3120b89c-5488-42c1-9ebe-736a84d38f17,925c7673-0e85-410f-b7e4-d9705a7aa619,156000,"Aaron Burr, Sir"
2eca0f04-261e-4aa7-a83e-0d01d5909d8f,5ca3f318-d028-4151-ac73-78e2b2d6cdcc,191440,Wildflowers
0572f49c-5952-41f4-9d25-40df6682fef6,5ca3f318-d028-4151-ac73-78e2b2d6cdcc,120866,Alright for Now
01945780-a941-4ed6-a4cd-7045ead25856,83b9cbe7-9857-49e2-ab8e-b57b01038103,215000,Dissident
7ed813a3-56b6-4acf-8cbe-c89bc750ec15,084308bd-1654-436f-ba03-df6697104e19,134080,She
379543da-e5e3-4227-afc5-2ce7dcac493d,89ad4ac3-39f7-470e-963a-56509c546377,318080,I Just Don’t Think I’ll Ever Get Over You
ee03a35a-3d19-495e-b740-4dc3e7ea6a0b,5ca3f318-d028-4151-ac73-78e2b2d6cdcc,169626,Feel a Whole Lot Better
8413fffb-24ae-4122-adb7-0671cea01b5a,0383dadf-2a4e-4d10-a46a-e9e041da8eb3,195626,Under Pressure
54214d63-5adf-4909-87cd-c65c37a6d558,95f5b748-d370-47fe-85bd-0af2dc450bc0,156533,Same in the End
ad976867-e58c-4b4c-bd53-58252fc90333,6fe07aa5-fec0-4eca-a456-f29bff451b04,189000,It’s Easy
210990b8-8966-4f0a-ab8f-ad9fd938783a,fbd2a255-1d57-4d31-ac11-65b671c19958,224000,Happy Now?
cccc851d-9214-4d24-9df6-e45f62664dbc,9c9f1380-2516-4fc9-a3e6-f9f61941d090,275493,Take a Bow
ac71eb2c-0a25-4f06-acff-13bec69d06e1,b7539c32-53e7-4908-bda3-81449c367da6,286000,Born to Die
39706b8a-b432-4bff-8644-33ec2fec0259,86e736b4-93e2-40ff-9e1c-fb7c63fef5f6,255000,New Kid (on the Block)
1c398e28-a63d-4c25-813b-ef9a96aadacb,084308bd-1654-436f-ba03-df6697104e19,183000,Basket Case
96f64611-49df-4e54-84e7-0f9a30f01766,b7ffd2af-418f-4be2-bdd1-22f8b48613da,270573,Mr Self Destruct
13dd61c7-ce73-4e97-9f0c-9f0e53144411,b7ffd2af-418f-4be2-bdd1-22f8b48613da,373133,Closer
acc397bb-0006-4c01-9cdc-51c9811cc184,6e0c7c0e-cba5-4c2c-a652-38f71ef5785d,172093,He Wasn’t There
759655a9-b77d-475f-a72f-cc5c2d82d291,5ca3f318-d028-4151-ac73-78e2b2d6cdcc,177000,I Won’t Back Down
d604a1b6-2cbd-4dc6-9682-a746405f247b,9c9f1380-2516-4fc9-a3e6-f9f61941d090,258866,Map of the Problematique
70d25e69-b939-4898-a97d-780ac978afbd,b7ffd2af-418f-4be2-bdd1-22f8b48613da,341173,I Do Not Want This
c775a2fc-2954-44f5-b63a-ab0fa9d730a1,5b902d9c-d840-47d3-80f5-0819854ebc82,247000,Everything I Got
2042ce91-f5fe-4fce-b451-b3354843b193,5b11f4ce-a62d-471e-81fc-a69a8278c7da,254973,In Bloom
83d95e86-d3ac-4604-b07b-4109a8bcc744,86e736b4-93e2-40ff-9e1c-fb7c63fef5f6,289000,Brian Wilson
81776847-e609-4b70-9985-a77e88316667,86e736b4-93e2-40ff-9e1c-fb7c63fef5f6,235000,The Flag
99479876-9f93-45b8-8e84-caef39f69d4d,ba0d6274-db14-4ef5-b28d-657ebde1a396,197200,Disarm
48ca0b1d-e0fa-4abe-b058-e9cea45b0a25,89ad4ac3-39f7-470e-963a-56509c546377,235000,Don’t Let It Pass
e4678e4a-3cb1-497b-9b66-a0c1fec1a85e,0383dadf-2a4e-4d10-a46a-e9e041da8eb3,271610,The Show Must Go On
bbd1b7ad-01b0-469f-8ac6-667040a3051d,fa7b9055-3703-473a-8a09-adf2fe031a24,210000,Let Me Go
b8637f31-44f5-499d-b1e7-18f7b92a3f58,fa7b9055-3703-473a-8a09-adf2fe031a24,200000,Wheels
e707d68b-d93f-4698-bef4-b2f274f412b7,22fec580-f9fc-4baf-b8b1-3bab79be8ec8,297000,Vapour Trail
076c94d9-61a4-419a-b8cc-c48f58763d90,925c7673-0e85-410f-b7e4-d9705a7aa619,150000,Your Obedient Servant
ae753a5e-bfb9-4f12-b436-a83238a05157,95f5b748-d370-47fe-85bd-0af2dc450bc0,136400,Wrong Way
8cfad2d3-ee75-4be1-b8f0-889b13c2310c,6c8b9855-ba8b-48f9-ac1d-42167f7f7b18,149346,Know Your Onion!
65746365-2318-4907-abe3-83528ec73159,fbd2a255-1d57-4d31-ac11-65b671c19958,331000,Tragic Kingdom
1cb7c8f9-28f9-4485-8b1e-065803f34838,0383dadf-2a4e-4d10-a46a-e9e041da8eb3,226573,Somebody to Love
f683c6bd-00bc-4d4a-b3bb-e287686ca6f5,5ca3f318-d028-4151-ac73-78e2b2d6cdcc,310893,It’s Good to Be King
e7ada1d0-0604-4ff2-9361-939ebf5b53af,6fe07aa5-fec0-4eca-a456-f29bff451b04,258800,Say It Ain’t So
b27530ef-2bc4-46bb-9045-f2c278d74dae,afb8f901-d846-4c70-a898-59bc183d1da7,241533,Winter Song
86ebe551-9e6e-47a6-ab6c-03d8f30d172f,628abc89-3e26-4e2c-b33f-67544ccbb72c,146000,Prologue (score demo)
cccf8dde-f822-4981-b534-16e36c62de88,83b9cbe7-9857-49e2-ab8e-b57b01038103,293093,Even Flow
68001cd1-150b-4584-ab4a-ca691ba45551,6e0c7c0e-cba5-4c2c-a652-38f71ef5785d,0,Opendisc
ee40cb79-88f5-4bd7-ba12-95c43cb6714b,0383dadf-2a4e-4d10-a46a-e9e041da8eb3,294906,The Miracle
dffcffa4-e27c-46f7-9e7e-b56296432339,328d146c-79f1-4eb6-9e40-8ee5710c14e5,356800,The Moment I Said It
7932ba40-a0d3-4a7e-8d85-b351fd33317e,cc2c9c3c-b7bc-4b8b-84d8-4fbd8779e493,316000,Lovesong
73ddec7a-f259-4942-a9b2-a7b928b0f593,d43d12a1-2dc9-4257-a2fd-0a3bb1081b86,169000,Folsom Prison Blues
4dd209b9-80fd-4e11-8093-3bab2db810fc,cc2c9c3c-b7bc-4b8b-84d8-4fbd8779e493,277946,He Won’t Go
be0ea60a-4137-4089-b0c5-ddd7a8ad41af,6fe07aa5-fec0-4eca-a456-f29bff451b04,245880,Heart Songs
22d9a7eb-226e-4726-b07d-f6291c1438aa,0383dadf-2a4e-4d10-a46a-e9e041da8eb3,209933,Another One Bites the Dust
297ea740-cedf-42ac-9e91-d833cca7e1e6,86e736b4-93e2-40ff-9e1c-fb7c63fef5f6,166000,Be My Yoko Ono
fec99019-ec23-4d7b-b8b9-b2e5e08501d2,d6ed7887-a401-47a8-893c-34b967444d26,118733,Listen to My Heart
2320c31e-cee7-4a92-a5d3-8cd4fa71890a,d43d12a1-2dc9-4257-a2fd-0a3bb1081b86,225400,A Boy Named Sue
69d9ab4e-8beb-4bf6-b22b-7ee71d2a9bcf,ba0d6274-db14-4ef5-b28d-657ebde1a396,246906,Rocket
bd79d5e4-0f30-40c3-90bf-57c1bb63d34c,89ad4ac3-39f7-470e-963a-56509c546377,241000,Step Out
bab2ddef-0960-4354-9b83-e227586c1647,6fe07aa5-fec0-4eca-a456-f29bff451b04,205000,Summer Elaine and Drunk Dori
5aa3cda6-dd5c-4a90-bd2c-febae53d543a,420e923e-e74c-42ef-b771-2e2bcee93394,270146,Conquest of Spaces
2557aa5f-b101-481c-9a9e-ce7dad5512bd,fa7b9055-3703-473a-8a09-adf2fe031a24,202186,Friend Is a Four Letter Word
8e7901e5-9d52-4738-bb0c-395d6ca17d59,fa7b9055-3703-473a-8a09-adf2fe031a24,208000,Cool Blue Reason
0157ef94-14b7-4a9a-8ded-19b9594490f0,c0b2500e-0cef-4130-869d-732b23ed9df5,421173,Mother
a37d188d-e800-4e1a-9a50-cdaa6274bb69,c0b2500e-0cef-4130-869d-732b23ed9df5,312360,Space Dog
787cf6d0-a44b-4562-aa5c-5c4b244576c6,b7ffd2af-418f-4be2-bdd1-22f8b48613da,178000,March of the Pigs
b6dfdc11-5f52-4c50-b987-4c621a3a8eaf,fbd2a255-1d57-4d31-ac11-65b671c19958,234493,Artificial Sweetener
48908d8b-3a40-46fa-bfee-3a88012c2689,6fe07aa5-fec0-4eca-a456-f29bff451b04,305400,Undone – The Sweater Song
9c8d45be-d7a8-49f1-8a12-c19b21f5283d,5ca3f318-d028-4151-ac73-78e2b2d6cdcc,168533,Depending on You
4472aacc-3ba6-40b3-9cdf-ee9677805d15,4bd95eea-b9f6-4d70-a36c-cfea77431553,316426,Dirt
e25e6c31-ffc3-4a20-bf7b-ea49f2ce1958,6fe07aa5-fec0-4eca-a456-f29bff451b04,242760,Everybody Get Dangerous
9b77c5bc-97cc-4408-8845-10a2d64c1c12,5b902d9c-d840-47d3-80f5-0819854ebc82,202000,By Morning
27c92101-4381-442a-93f2-d07b036aa775,a6c6897a-7415-4f8d-b5a5-3a5e05f3be67,266000,Glowing Eyes
dcf38068-ebbf-4cac-853e-16d34518f7ee,b7539c32-53e7-4908-bda3-81449c367da6,299934,Off to the Races
5081c560-b044-4109-b12d-035213a590b2,925c7673-0e85-410f-b7e4-d9705a7aa619,196000,More (outtake)
079f8c0b-a2cb-4b6a-8d86-e0b4f27adf46,5ca3f318-d028-4151-ac73-78e2b2d6cdcc,247600,Love Is a Long Road
5a3c6008-0aad-4b44-97d2-800f49647dd2,5b11f4ce-a62d-471e-81fc-a69a8278c7da,218000,About a Girl
57905c5a-6a5d-4005-bede-14104023989b,a6c6897a-7415-4f8d-b5a5-3a5e05f3be67,266000,Holding on to You
8c712e50-1822-4caf-9eb1-6d9cf6f8556f,b7539c32-53e7-4908-bda3-81449c367da6,265000,Summertime Sadness
c3b0c2ea-da04-46b3-b3c6-76d99c6c4ff5,084308bd-1654-436f-ba03-df6697104e19,103960,Emenius Sleepus
38edbafd-3f66-4ffd-9d4c-e125a6295708,a6c6897a-7415-4f8d-b5a5-3a5e05f3be67,270000,Ruby
e7b82030-adb2-4534-9992-5ae822dc1d23,6c8b9855-ba8b-48f9-ac1d-42167f7f7b18,143093,Your Algebra
610ff1fe-b2eb-4358-9db4-9faa011e31da,c0b2500e-0cef-4130-869d-732b23ed9df5,265147,Mary
28157535-a390-44b1-8bb1-d1b9aede3612,628abc89-3e26-4e2c-b33f-67544ccbb72c,45000,Village Crazy Lady (score demo)
aca83bac-7acc-454a-9750-0f46fae64d2e,d6ed7887-a401-47a8-893c-34b967444d26,96093,Now I Wanna Sniff Some Glue
cd06c484-9319-4376-a104-504871e19756,89ad4ac3-39f7-470e-963a-56509c546377,270000,The Chain
1b4d1b1c-11ad-4d14-bf27-b1ce292b5c6f,6c8b9855-ba8b-48f9-ac1d-42167f7f7b18,175333,Pressed in a Book
db63cb9b-a80c-4a81-9f0e-9a24fd4aec7c,89ad4ac3-39f7-470e-963a-56509c546377,362626,I’m Not in Love
9ff25305-e1c4-4f43-969c-d38161d32713,6fe07aa5-fec0-4eca-a456-f29bff451b04,173506,Jacked Up
a28635ae-0520-401c-be53-20f4846f0113,9c9f1380-2516-4fc9-a3e6-f9f61941d090,366800,Knights of Cydonia
ab7805a8-c161-403d-92bf-a92c8b8e17dc,b7ffd2af-418f-4be2-bdd1-22f8b48613da,374066,Hurt
e5164136-5f47-43b2-b32d-96ef82c5f01c,925c7673-0e85-410f-b7e4-d9705a7aa619,91000,The Story of Tonight
4f8fd3f9-b91d-40c9-b215-8f83aaa0611e,a6c6897a-7415-4f8d-b5a5-3a5e05f3be67,239000,Jumpsuit
fc214777-c420-4c7c-85e7-791122e09ebf,084308bd-1654-436f-ba03-df6697104e19,191000,Know Your Enemy
db65e0a7-d861-4e46-be0f-9011fc5fbb22,a6c6897a-7415-4f8d-b5a5-3a5e05f3be67,277000,Guns for Hands
12851fd6-de14-4e52-8520-8a829ed75d00,89ad4ac3-39f7-470e-963a-56509c546377,258586,Blue Eyes
0b8bc8ee-5bf4-4c0c-87f4-b12a5890ea40,420e923e-e74c-42ef-b771-2e2bcee93394,254653,The Shore
5a7ed21c-c811-40cf-b085-4ee22d5dc7f6,00b82d40-1abc-4139-be19-e64243c698cb,267334,Something to Sing About (demo)
4a00a186-9e50-4739-9e52-e016c737bc15,00b82d40-1abc-4139-be19-e64243c698cb,41226,Coda
8066c9fe-827e-4b9d-bf17-11208b24f0e8,89ad4ac3-39f7-470e-963a-56509c546377,212000,Wham Bam Shang‐a‐Lang
40a1bdab-d6cc-4116-8cdb-736979854503,ba0d6274-db14-4ef5-b28d-657ebde1a396,298318,Cherub Rock
2d70393a-a00b-48f9-a22a-f07bc1dd92f1,7746d775-9550-4360-b8d5-c37bd448ce01,167000,Do I Creep You Out
81b3985c-53ab-4aa0-a69e-1b8e7c4545b1,7b7b1e6f-e73e-41a0-9d72-8f0b30c6992d,307267,Scapegoat
9c0faf23-175e-4f72-9830-8e12d60ebf9c,cc699fe3-db51-4837-928f-8f712c61a01a,233000,bury me face down
c562f51c-4dbd-4280-95be-7e232dd6e3b8,fa7b9055-3703-473a-8a09-adf2fe031a24,210000,Alpha Beta Parking Lot
89c2cb78-0ac4-4c03-97ed-2c6c2a594a5a,fbd2a255-1d57-4d31-ac11-65b671c19958,278333,Marry Me
ce0b1b14-7d53-4a06-ae05-a4a34903e73d,5b11f4ce-a62d-471e-81fc-a69a8278c7da,175960,Lake of Fire
392cea06-94c2-416b-80aa-f5b1e7d0fb1c,6fe07aa5-fec0-4eca-a456-f29bff451b04,204466,My Name Is Jonas
ed3569c8-441d-456f-934d-07790d4fa31b,86e736b4-93e2-40ff-9e1c-fb7c63fef5f6,251000,I Love You
2a5c6d93-f153-44e5-b747-2bd7b5156212,5b11f4ce-a62d-471e-81fc-a69a8278c7da,261106,The Man Who Sold the World
75f82744-5d4d-417c-b276-37dc4c17a98d,fbd2a255-1d57-4d31-ac11-65b671c19958,263000,Don’t Speak
1b746d71-8410-4551-84c1-f6aafe631a13,95f5b748-d370-47fe-85bd-0af2dc450bc0,205840,Under My Voodoo
75121bae-331b-4c14-985d-10417c3a5d5e,420e923e-e74c-42ef-b771-2e2bcee93394,221320,Ghost Lights
be4c75f5-e097-498f-9479-e7050aef1fc4,6fe07aa5-fec0-4eca-a456-f29bff451b04,282906,The Spider
b9d06b81-b582-46d4-ad41-be47a6961892,b7539c32-53e7-4908-bda3-81449c367da6,281947,Video Games
ffb64862-56fd-4627-8258-ecc109405b3d,19f00315-8c23-4d69-8f02-9cee1987b40b,139533,"Stop, I’m Already Dead"
7c9c971a-037b-410b-b9ed-7c809feaf0af,7b7b1e6f-e73e-41a0-9d72-8f0b30c6992d,298800,"Mary, Mary"
373994c7-35e0-4b46-9c2e-82a90b95c0cb,f4abc0b5-3f7a-4eff-8f78-ac078dbce533,242653,listen before i go
7d21ec0c-0a4d-4754-912d-9896ab242b6a,00b82d40-1abc-4139-be19-e64243c698cb,174800,Under Your Spell
2cfe61ff-bf82-479f-8d1a-74aa92bc3c52,6fe07aa5-fec0-4eca-a456-f29bff451b04,242493,Pig
ecfcdb9c-7000-46bc-8b8a-77ccfd887d78,89ad4ac3-39f7-470e-963a-56509c546377,240093,The Only Living Boy in New York
922a0f26-cf82-4fe6-a190-1d9f0c0dd4a4,b576decf-5adc-436c-87e9-640ea4d32ce0,231000,Titanium
e8ec7899-49d9-454e-932a-9434dc669387,6fe07aa5-fec0-4eca-a456-f29bff451b04,406053,The Angel and the One
583bdc51-88f8-4e2f-941a-0291f1dfddc6,0383dadf-2a4e-4d10-a46a-e9e041da8eb3,248906,It’s a Hard Life
523d2f9f-9d9f-4f99-9660-4d8499ceb09a,5ca3f318-d028-4151-ac73-78e2b2d6cdcc,211293,A Mind With a Heart of Its Own
797d344d-4df5-4cf5-9217-81edb634f5cf,afb8f901-d846-4c70-a898-59bc183d1da7,271733,Superman’s Song
ff293fa7-55a2-441b-893b-406f561d1f50,d6ed7887-a401-47a8-893c-34b967444d26,112133,Let’s Dance
898e89c3-7fd9-4d9d-8db6-f2cd43c35e9a,89ad4ac3-39f7-470e-963a-56509c546377,337000,"#9 Dream"
3f92576c-4465-49de-8518-ad244857018b,6e0c7c0e-cba5-4c2c-a652-38f71ef5785d,198106,Him
98ce5ee7-bb3e-4142-ac52-67f94c615e3d,fbd2a255-1d57-4d31-ac11-65b671c19958,250640,Suspension Without Suspense
6af5abdb-52b2-4a84-b98f-b06af73b83e0,084308bd-1654-436f-ba03-df6697104e19,238707,Longview
41b9593b-d80b-47c4-9d6d-639d86ab021d,183d6ef6-e161-47ff-9085-063c8b897e97,105000,Women & Men
c82b1583-7170-4142-a974-59b395bf31ec,afb8f901-d846-4c70-a898-59bc183d1da7,236426,Afternoons & Coffeespoons
470cd0ee-1c53-4ed5-804e-ab65991cfece,83b9cbe7-9857-49e2-ab8e-b57b01038103,192960,Go
d0404829-b11e-4a90-8144-4f1771d2c599,d6ed7887-a401-47a8-893c-34b967444d26,141333,53rd & 3rd
acc025da-7447-4cf3-936a-2efba0c97438,22fec580-f9fc-4baf-b8b1-3bab79be8ec8,360000,Love You More
91c5c074-e0bb-4f11-88c0-659a2748b42f,22fec580-f9fc-4baf-b8b1-3bab79be8ec8,357573,Anchor
dd8e9414-b595-4f3e-a23c-707fd5753a96,183d6ef6-e161-47ff-9085-063c8b897e97,167000,Lucky Ball & Chain
66654775-d436-4edf-ae4e-8285c51b506d,3377f3bb-60fc-4403-aea9-7e800612e060,249000,Devil in Me
e5b7a191-79d2-41ca-aa96-2d041c741aac,6fe07aa5-fec0-4eca-a456-f29bff451b04,204866,Holiday
b65e70cc-9617-4293-9809-08aaca1dc4ce,084308bd-1654-436f-ba03-df6697104e19,274706,East Jesus Nowhere
ae5a7436-61a0-4865-bdc7-c23b14dae8c9,5b902d9c-d840-47d3-80f5-0819854ebc82,193000,I Would
dc0f95e5-6b17-4a61-8479-27c5395eaaf1,7746d775-9550-4360-b8d5-c37bd448ce01,144933,Canadian Idiot
95e8da1a-d4ee-4e5e-90a6-f97a1d6cb463,0383dadf-2a4e-4d10-a46a-e9e041da8eb3,220533,Save Me
0ce710f7-667b-416d-9610-5f4342ff0520,c0b2500e-0cef-4130-869d-732b23ed9df5,300693,China
15bdac71-15d0-4211-888d-fcedbb553141,3377f3bb-60fc-4403-aea9-7e800612e060,187000,Hopeless
b4184747-0157-41be-ae44-e3a6a0c13272,5b11f4ce-a62d-471e-81fc-a69a8278c7da,219040,Come as You Are
730363c4-1066-49e6-b0a9-fed9acce9eb2,6e0c7c0e-cba5-4c2c-a652-38f71ef5785d,244586,I Could Say
05e3ed27-303b-48bc-8c35-1a763230b721,5ca3f318-d028-4151-ac73-78e2b2d6cdcc,171000,Cabin Down Below
b19d5cd7-bcae-4f45-b73d-bc1cdf7647cd,fbd2a255-1d57-4d31-ac11-65b671c19958,172933,Comforting Lie
aab1b17e-5422-4f73-b8a9-511be414dd80,925c7673-0e85-410f-b7e4-d9705a7aa619,97000,History Has Its Eyes on You
710e97ec-1e0e-4ffc-9bad-240839c09c41,89ad4ac3-39f7-470e-963a-56509c546377,167600,Come a Little Bit Closer
a5410d05-1a91-463e-9b2e-e3c435cb506f,00b82d40-1abc-4139-be19-e64243c698cb,177066,Overture / Going Through the Motions
f20e164a-c3a1-4793-920a-d69feb39863c,183d6ef6-e161-47ff-9085-063c8b897e97,205000,Whistling in the Dark
6d3f3086-dedd-4d3b-a791-99a4a3f4f141,925c7673-0e85-410f-b7e4-d9705a7aa619,236000,Alexander Hamilton
c3cb461c-8d57-4834-aaef-3dc042468cca,fa7b9055-3703-473a-8a09-adf2fe031a24,224426,It’s Coming Down
487908b4-d2cd-46b2-921f-457980b7b0e3,00b82d40-1abc-4139-be19-e64243c698cb,141960,I’ve Got a Theory / Bunnies / If We’re Together
4f515654-052b-4631-8a78-57ea362cd18a,cc2c9c3c-b7bc-4b8b-84d8-4fbd8779e493,228213,Take It All
f28ab380-631e-4421-9e95-f84a61f2ac5d,d43d12a1-2dc9-4257-a2fd-0a3bb1081b86,156160,I Still Miss Someone
c16bd7d7-7c0a-46ab-bd67-201c83dd3660,3377f3bb-60fc-4403-aea9-7e800612e060,207000,Alone
05166c96-7f2f-42f2-8b8c-de0fc58e34b2,b7ffd2af-418f-4be2-bdd1-22f8b48613da,236893,The Downward Spiral
89a2f9f7-462a-4db4-a004-e6775315e605,2b5e6093-50b4-4b12-acf0-eac69c955076,0,Storms of Despair
04af6364-2b24-4d9b-9b50-d0798bcc1d22,00b82d40-1abc-4139-be19-e64243c698cb,280533,Something to Sing About
a9422a99-2959-4bd1-9de7-f811389b320f,7b7b1e6f-e73e-41a0-9d72-8f0b30c6992d,241866,I Want More
477c33b8-fa6a-46bc-866b-64f8585be7fa,925c7673-0e85-410f-b7e4-d9705a7aa619,184000,Shiny (demo)
3dc163da-78fc-4d2b-91b2-fd0e86b3b49d,afb8f901-d846-4c70-a898-59bc183d1da7,200333,Thick‐Necked Man
1aa2b5c7-1ffb-481a-ad9d-d51d970a5f82,183d6ef6-e161-47ff-9085-063c8b897e97,175640,Dead
7f76d520-bdfa-48e1-9966-2fe8330c6245,ba0d6274-db14-4ef5-b28d-657ebde1a396,399933,Soma
599fe0ef-496d-489c-aeed-8ed5a0b6791e,0383dadf-2a4e-4d10-a46a-e9e041da8eb3,140426,We Will Rock You
ac25ec9a-eff9-4aa1-bcca-46b7ca62b656,d6ed7887-a401-47a8-893c-34b967444d26,103200,I Don’t Wanna Walk Around With You
8e6167ec-e80d-44f7-a6ab-2cfa28dd0f93,628abc89-3e26-4e2c-b33f-67544ccbb72c,53000,It’s Called Wayfinding (score demo)
61dff68f-8313-48c0-8240-e95120a0d395,7509421d-1074-442f-be8f-b526167afcb3,85906,Kick Out the Jams
af02bd48-8c3a-4e9b-b9d2-6a21e6bcf32d,ba0d6274-db14-4ef5-b28d-657ebde1a396,417000,Hummer
f3dfe623-84af-40e7-ac2e-05c33cc3d730,c0b2500e-0cef-4130-869d-732b23ed9df5,265040,Angie
a6923cd0-8b7e-4650-a911-63c4172fb211,fbd2a255-1d57-4d31-ac11-65b671c19958,276666,Dark Blue
8e5d6586-9dba-4e0f-91b8-d7c7e7701e28,a6c6897a-7415-4f8d-b5a5-3a5e05f3be67,248000,Be Concerned
113a37f1-8a33-44a5-90ec-4f06b3d8ed19,084308bd-1654-436f-ba03-df6697104e19,236533,Last Night on Earth
63abd59c-e139-4cbd-b07c-fe7605f3072e,0383dadf-2a4e-4d10-a46a-e9e041da8eb3,195266,In the Lap of the Gods... Revisited
984c5e45-6df5-45ed-b916-20738a8af20b,00b82d40-1abc-4139-be19-e64243c698cb,130506,Standing
eddc4da4-1809-451c-8e32-7a47b6989033,f4abc0b5-3f7a-4eff-8f78-ac078dbce533,179893,my strange addiction
acffab4b-194a-43b5-8370-5f64e33dc483,f4abc0b5-3f7a-4eff-8f78-ac078dbce533,203569,idontwannabeyouanymore
dd2d2073-50c4-438a-91cc-a1fea1c81b12,cc2c9c3c-b7bc-4b8b-84d8-4fbd8779e493,241653,I’ll Be Waiting
e2a96c70-3867-42b6-b76e-bbc59a8ac87a,89ad4ac3-39f7-470e-963a-56509c546377,291173,One of These Things First
e97448af-bea2-48b7-890c-011260b6b847,83b9cbe7-9857-49e2-ab8e-b57b01038103,241000,Given to Fly
e2669808-d708-4194-b823-e97d7cadf6fc,5b902d9c-d840-47d3-80f5-0819854ebc82,201266,Game Called Life
938f39da-040a-41b4-af10-7fe5282d5790,6e0c7c0e-cba5-4c2c-a652-38f71ef5785d,207000,The Fear
7fdf8076-14a1-4f2d-846c-ba9e5e9710f9,6c8b9855-ba8b-48f9-ac1d-42167f7f7b18,118186,Weird Divide
5f5be50f-3383-4df9-9587-9758a3c5de00,7746d775-9550-4360-b8d5-c37bd448ce01,0,I'll Sue Ya
c257113a-c792-4f8d-b18f-2bf1fe8f863f,328d146c-79f1-4eb6-9e40-8ee5710c14e5,268000,Hide and Seek
656cfcb3-5870-4db8-8510-6cb598b47aad,5b11f4ce-a62d-471e-81fc-a69a8278c7da,172933,Dumb
78cd6bb7-84da-40c5-adb7-50cb46f8d5f7,d8df7087-06d5-4545-9024-831bb8558ad1,302195,Re: Your Brains
1a13c710-4b7e-4701-8968-cd61f2e58110,cc2c9c3c-b7bc-4b8b-84d8-4fbd8779e493,229000,Rolling in the Deep
bb883fd9-ab17-434f-b336-9469a2b4f363,95f5b748-d370-47fe-85bd-0af2dc450bc0,171093,What I Got
d615590b-1546-441d-9703-b3cf88487cbd,6fe07aa5-fec0-4eca-a456-f29bff451b04,160000,Buddy Holly
028efe7f-cdfb-4135-846f-848f2fff15b1,cc2c9c3c-b7bc-4b8b-84d8-4fbd8779e493,285000,Someone Like You
e9068b61-4326-463b-8e3a-36f99e3d42c6,d6ed7887-a401-47a8-893c-34b967444d26,135066,Loudmouth
cf0023c0-55b3-47e2-9f24-a2474697434d,4bd95eea-b9f6-4d70-a36c-cfea77431553,287733,Angry Chair
84446dd7-b4e3-4726-928e-10c7d63a0bfd,6fe07aa5-fec0-4eca-a456-f29bff451b04,44226,My Evaline
621c2228-b6bc-4af5-881e-d76fcea75e6d,a6c6897a-7415-4f8d-b5a5-3a5e05f3be67,229000,My Blood
dbdf7a1e-d224-44ef-b5ef-d1168119a482,22fec580-f9fc-4baf-b8b1-3bab79be8ec8,283066,Different Stars
3cfaac28-c2a4-45f7-9f5f-f24cc29f5a17,7746d775-9550-4360-b8d5-c37bd448ce01,233000,I’ll Sue Ya
4dd0b51b-07cf-47de-b2de-8fe813350134,7746d775-9550-4360-b8d5-c37bd448ce01,0,Close But No Cigar
12888ad0-1a11-4bdc-9496-909daccb0c96,6e0c7c0e-cba5-4c2c-a652-38f71ef5785d,207986,Never Gonna Happen
6e162e3b-773c-4241-bb2f-b1892f211a36,fa7b9055-3703-473a-8a09-adf2fe031a24,335507,I Will Survive
8cd26512-7007-46b8-811a-539c9c639f82,6fe07aa5-fec0-4eca-a456-f29bff451b04,241840,Surf Wax America
31a0ccb2-fbe1-48e9-b0b8-96d149a8c4f1,f4abc0b5-3f7a-4eff-8f78-ac078dbce533,119000,goodbye
38412f4a-ab3d-4b91-a7c1-4f83e02ad1e6,fa7b9055-3703-473a-8a09-adf2fe031a24,224933,Open Book
e1ffb53b-b0e4-4c15-8c7f-fb060682da51,c0b2500e-0cef-4130-869d-732b23ed9df5,199000,Happy Phantom
2e33d52a-b8ba-4b9d-99d2-1df3d126db6f,f4abc0b5-3f7a-4eff-8f78-ac078dbce533,177523,watch
52bbc5a1-5deb-4bf3-a68f-45eaf2592921,5b902d9c-d840-47d3-80f5-0819854ebc82,265000,You Are My Sunshine
1fb6d615-22bc-414e-b5ac-20e32032d69c,d6ed7887-a401-47a8-893c-34b967444d26,116400,Chain Saw
c6538eef-aa78-4ead-bc86-a53796aa0251,925c7673-0e85-410f-b7e4-d9705a7aa619,385000,Non‐Stop
ff4623c5-15f3-4730-8f4b-105ee5241fec,fbd2a255-1d57-4d31-ac11-65b671c19958,214773,Hey You
3a95f3c3-ee1d-4c21-ada6-b34c31e3f83f,86e736b4-93e2-40ff-9e1c-fb7c63fef5f6,291000,Box Set
3d37fdb8-e11f-4b7d-963b-221551194dc4,7509421d-1074-442f-be8f-b526167afcb3,184573,Stranger
e02c2c2c-1a61-4f5a-a146-ea39cd7fde97,6c8b9855-ba8b-48f9-ac1d-42167f7f7b18,248440,One by One All Day
97e1b4eb-9346-4ce8-a292-891d77fb8bbe,5ca3f318-d028-4151-ac73-78e2b2d6cdcc,236000,A Higher Place
4ef167a8-0c26-4b60-8ace-196807145c0c,7509421d-1074-442f-be8f-b526167afcb3,177133,Feather Pluckn
54c790e5-4d4c-4cd0-bff3-efed41f864b3,328d146c-79f1-4eb6-9e40-8ee5710c14e5,220813,Loose Ends
3431818f-7925-4071-b618-4c50f0509520,a6c6897a-7415-4f8d-b5a5-3a5e05f3be67,240000,Neon Gravestones
3b3af960-0fc2-461f-ae94-32add47c3d11,925c7673-0e85-410f-b7e4-d9705a7aa619,270000,It’s Quiet Uptown
b73d5acb-6232-48ba-9dfe-57d03164528e,2b5e6093-50b4-4b12-acf0-eac69c955076,0,Hiroshima Nagasaki
dc916e76-9ef6-424a-ab38-78d52b987054,86e736b4-93e2-40ff-9e1c-fb7c63fef5f6,247000,Enid
1dc0e626-cb50-400b-ada5-8dfe22384910,95f5b748-d370-47fe-85bd-0af2dc450bc0,130226,Seed
558d0dfb-6354-4e63-b0a1-7338ab3b0045,084308bd-1654-436f-ba03-df6697104e19,231000,Last of the American Girls
b48bafae-7b32-4380-94bb-4815ce57a12f,183d6ef6-e161-47ff-9085-063c8b897e97,162280,They Might Be Giants
cc4050d8-84a4-44b4-9de1-d244feed9751,fbd2a255-1d57-4d31-ac11-65b671c19958,569893,Big Distraction / [silence] / Too Late (instrumental)
aabffb39-85f7-41bb-87c2-79f7dcb2914d,925c7673-0e85-410f-b7e4-d9705a7aa619,333000,My Shot
8c1eb39f-490a-4b5e-a190-095358d46eed,19f00315-8c23-4d69-8f02-9cee1987b40b,227240,Break It Off
8cbffe04-066b-4a68-a1a2-67814f9b5da1,fa7b9055-3703-473a-8a09-adf2fe031a24,241080,Frank Sinatra
d9cf1e5b-e83d-4534-a024-f3064dd0a37c,a6c6897a-7415-4f8d-b5a5-3a5e05f3be67,331000,Bandito
91ab7920-0bf8-4ea1-81c8-70e6350aa573,847e8284-8582-4b0e-9c26-b042a4f49e57,236453,Pure Morning
e3dd792f-8513-4fe8-becb-9c392e59c5a3,084308bd-1654-436f-ba03-df6697104e19,248000,F.O.D.
5560ccb5-e810-473c-ae93-bf88abf0589c,00b82d40-1abc-4139-be19-e64243c698cb,78960,Dawn’s Lament
4741ce2a-636c-4eaa-9507-eb1c37ad9c5d,5b11f4ce-a62d-471e-81fc-a69a8278c7da,220493,Pennyroyal Tea
4a0016f7-42b3-43a0-aff1-97e306df78d2,628abc89-3e26-4e2c-b33f-67544ccbb72c,125000,Cavern
e0f53e98-4f23-4c4a-b8b8-63baa673ecc9,7746d775-9550-4360-b8d5-c37bd448ce01,0,"Behind The Scenes On The Making Of ""Straight Outta Lynwood"""
e806d1ac-96c3-4207-87ea-1c414ad9e5f9,084308bd-1654-436f-ba03-df6697104e19,309106,21st Century Breakdown
46d5a069-8db2-4645-ab8c-38fd16f4b78b,22fec580-f9fc-4baf-b8b1-3bab79be8ec8,301000,Alone
8153205e-190b-4384-a431-2696b8e05af2,925c7673-0e85-410f-b7e4-d9705a7aa619,99000,What Comes Next?
7cc69ab5-c00f-4be7-a4bd-3425d199cb71,d43d12a1-2dc9-4257-a2fd-0a3bb1081b86,249000,The Ballad of Ira Hayes
0119e24d-eaa6-426d-b6aa-3509813d3249,4bd95eea-b9f6-4d70-a36c-cfea77431553,316200,Hate to Feel
0e7e78b3-3575-4f73-848d-931c764c3f19,fa7b9055-3703-473a-8a09-adf2fe031a24,192066,Satan Is My Motor
79e6c130-6e1b-4bf9-b395-aaebf753bae3,0383dadf-2a4e-4d10-a46a-e9e041da8eb3,304826,Bohemian Rhapsody
11715b4b-d1fd-435b-9d44-95badfe8f4ec,afb8f901-d846-4c70-a898-59bc183d1da7,223640,When I Go Out With Artists
f19fcfc1-dd92-4fb6-b3eb-c4b301af3d68,a6c6897a-7415-4f8d-b5a5-3a5e05f3be67,173000,Legend
0d61b63c-6013-4678-b256-2817fd0b8bc9,86e736b4-93e2-40ff-9e1c-fb7c63fef5f6,149000,The King of Bedside Manor
f45bcd1e-b106-46fe-a3e9-822f58da79ce,628abc89-3e26-4e2c-b33f-67544ccbb72c,125000,Cavern (score demo)
8cd79132-4ef8-4672-8b69-9412e4d304d8,925c7673-0e85-410f-b7e4-d9705a7aa619,181000,Washington on Your Side
e1f82eaf-24d9-4cf5-aeb3-052b0709db85,628abc89-3e26-4e2c-b33f-67544ccbb72c,97000,Sails to Te Fiti (score demo)
a528ba1a-564f-42da-9953-01f7db07e881,9c9f1380-2516-4fc9-a3e6-f9f61941d090,288866,City of Delusion
6f795434-113f-4af2-9221-ef675de8c962,c0b2500e-0cef-4130-869d-732b23ed9df5,233693,Here. In My Head
1d132ac5-15aa-49a1-875c-b24f86257f6e,6fe07aa5-fec0-4eca-a456-f29bff451b04,187586,Automatic
1fbde198-a68c-451c-b50d-20f272ddc157,89ad4ac3-39f7-470e-963a-56509c546377,220720,Father and Son
e98d1b6f-0cbe-4215-be52-57b06ed8ec04,7746d775-9550-4360-b8d5-c37bd448ce01,650986,Trapped in the Drive-Thru
1ba7114e-c6fc-4988-aaba-e6ff22ed1a29,83b9cbe7-9857-49e2-ab8e-b57b01038103,298973,Garden
d6118046-407d-4e06-a1ba-49c399a4c42f,c0b2500e-0cef-4130-869d-732b23ed9df5,252866,Silent All These Years
99ba63cd-544a-4d56-94dd-80a6425d82a5,925c7673-0e85-410f-b7e4-d9705a7aa619,286000,Take a Break
ca722fed-63c3-4426-86a7-78bef0810a8b,89ad4ac3-39f7-470e-963a-56509c546377,242000,Escape (The Pina Colada Song)
c46450cd-6208-48d5-8c3b-fa0234fa5da8,a6c6897a-7415-4f8d-b5a5-3a5e05f3be67,314000,Ode to Sleep
94bed552-376f-492d-8e87-f470aa7fda0c,83b9cbe7-9857-49e2-ab8e-b57b01038103,231920,Once
271a81af-6c2d-44cf-a0b8-a25ad74c82f9,6fe07aa5-fec0-4eca-a456-f29bff451b04,184666,No One Else
5f448d92-afe2-4b7d-a96e-16ca7e92d8e4,420e923e-e74c-42ef-b771-2e2bcee93394,45160,Falling
429f0b1a-0293-4793-993b-0bb5f73567f2,b7ffd2af-418f-4be2-bdd1-22f8b48613da,264426,Piggy
c3823516-739c-4697-933b-f7f260e9aa60,9c9f1380-2516-4fc9-a3e6-f9f61941d090,123906,Soldier’s Poem
7d3a2f87-13b4-4b3c-8e5c-b3cdcd8bdf13,d6ed7887-a401-47a8-893c-34b967444d26,152133,Beat on the Brat
1e672ea7-091c-4418-a1cf-4ea5baeac786,5ca3f318-d028-4151-ac73-78e2b2d6cdcc,178506,Zombie Zoo
4c4199d9-5c6d-4a8f-985e-9c9ca620c6b6,5b902d9c-d840-47d3-80f5-0819854ebc82,231293,Through It All
dd72ae1d-db35-4a25-b834-305a870e23de,afb8f901-d846-4c70-a898-59bc183d1da7,222266,In the Days of the Caveman
75090060-75fa-4a87-aa63-c0f730d1825d,f4abc0b5-3f7a-4eff-8f78-ac078dbce533,13573,"!!!!!!!"
7db979b3-dcde-4a9e-87b6-e0b09268be03,084308bd-1654-436f-ba03-df6697104e19,164666,Having a Blast
7487e816-16fa-4124-9f57-591bb67d78aa,9e103f85-7af7-41d7-b83b-49ba8f0c5abf,278000,Dirty Paws
69671625-e7b5-412e-b10f-5ead60cdfb66,86e736b4-93e2-40ff-9e1c-fb7c63fef5f6,204000,Hello City
27fd84a2-daf6-4ecf-81ad-fdfb52a668ae,0383dadf-2a4e-4d10-a46a-e9e041da8eb3,247960,I’m Going Slightly Mad
dcb42eeb-3bab-4578-9b84-64ebdd6393a1,6fe07aa5-fec0-4eca-a456-f29bff451b04,352200,The Greatest Man That Ever Lived (Variations on a Shaker Hymn)
ff579c58-b702-428b-a8b1-7dfcd9597e1c,084308bd-1654-436f-ba03-df6697104e19,157347,Sassafras Roots
cc4fd5f5-7ff2-4a00-b377-9c1d1271cd33,22fec580-f9fc-4baf-b8b1-3bab79be8ec8,384560,Fragment
3d6934e8-65d2-470c-9013-cd1bfb86c060,d6ed7887-a401-47a8-893c-34b967444d26,131066,"Today Your Love, Tomorrow the World"
b3feb9d5-9ac5-493d-8f7c-10bf5013e964,9c9f1380-2516-4fc9-a3e6-f9f61941d090,233226,Exo-Politics
d3fb5978-6875-42e1-8565-10da700ead3e,7746d775-9550-4360-b8d5-c37bd448ce01,230000,Pancreas
4076ecf4-c2d1-4dff-8403-1400b15b900d,2b5e6093-50b4-4b12-acf0-eac69c955076,0,The End...
824cc210-e4cc-473e-b990-9abd89b9c829,83b9cbe7-9857-49e2-ab8e-b57b01038103,189266,Leash
fea43a0c-e595-4a28-8957-3bd33641f086,084308bd-1654-436f-ba03-df6697104e19,204080,Peacemaker
829ff08b-6620-40f0-863f-edd4d68a9c29,83b9cbe7-9857-49e2-ab8e-b57b01038103,148000,"Push Me, Pull Me"
0c9805e3-5114-4801-a409-973a319683d4,c0b2500e-0cef-4130-869d-732b23ed9df5,198866,Baker Baker
de67c1c1-02b1-49c8-be1c-4451e6ce1ccd,5b902d9c-d840-47d3-80f5-0819854ebc82,163000,At Last!
ef1306c8-9030-453d-ab05-cb47a271f2dc,183d6ef6-e161-47ff-9085-063c8b897e97,46080,Minimum Wage
4882dcd4-213b-4d5c-a179-3e31a9d3369c,6fe07aa5-fec0-4eca-a456-f29bff451b04,204000,King of the World
ed3bfa34-7b15-4853-b777-0daf549dedd8,ba0d6274-db14-4ef5-b28d-657ebde1a396,349173,Mayonaise
b8c633ae-5c3b-48ee-b0bd-ad9340c90d72,b7539c32-53e7-4908-bda3-81449c367da6,220000,Lolita
731f5378-06a5-4a6f-bb4c-1b0cae008489,fbd2a255-1d57-4d31-ac11-65b671c19958,249173,World Go ’Round
13e1723f-3d5b-4fdd-8963-3810d2afb01b,fa7b9055-3703-473a-8a09-adf2fe031a24,175000,"Ruby, Don’t Take Your Love to Town"
b3cd15e2-9afc-4d2a-81d9-265205e4cf8e,0383dadf-2a4e-4d10-a46a-e9e041da8eb3,121560,Killer Queen
8396229a-72ce-4622-ab69-d40fe9feab2f,925c7673-0e85-410f-b7e4-d9705a7aa619,184000,Dear Theodosia
adc19475-b1b9-49a0-a966-45f4a7d35bb5,b7ffd2af-418f-4be2-bdd1-22f8b48613da,412333,Reptile
a52d71cb-443c-4910-b37c-cd70e4b0b1ef,084308bd-1654-436f-ba03-df6697104e19,178160,When I Come Around
6865363a-cc1f-41ad-89b4-b4ef33a23617,3377f3bb-60fc-4403-aea9-7e800612e060,108000,The Prologue
360d0ebe-075c-46f5-ae44-5a190c9447a1,5b902d9c-d840-47d3-80f5-0819854ebc82,197000,Sunnyside
8874f3d8-d693-4147-b792-32d7581a951f,0383dadf-2a4e-4d10-a46a-e9e041da8eb3,339600,A Kind of Magic
47054d77-82ad-47b1-b595-b54d2cb1b36b,86e736b4-93e2-40ff-9e1c-fb7c63fef5f6,277000,Wrap Your Arms Around Me
af34f041-f3cd-43fc-95c6-fd5bf945667a,c0b2500e-0cef-4130-869d-732b23ed9df5,255000,Crucify
cdca8e22-eea5-4b0d-b01c-244ad576bd9d,d6ed7887-a401-47a8-893c-34b967444d26,144666,I Wanna Be Your Boyfriend
27a32525-c99d-47d3-8f58-58e924313136,89ad4ac3-39f7-470e-963a-56509c546377,288000,Lebanese Blonde
f75cc9a9-49cf-440a-a665-f57d96011c1c,fa7b9055-3703-473a-8a09-adf2fe031a24,181160,You Part the Waters
58c08152-06e4-474b-a55f-342f9846f280,83b9cbe7-9857-49e2-ab8e-b57b01038103,195866,Elderly Woman Behind the Counter in a Small Town
3f92bc80-8490-42ac-b77e-e20c9f25ea6b,4bd95eea-b9f6-4d70-a36c-cfea77431553,329400,Sickman
c8ecd179-6a9e-478e-869d-98ecd5356c7f,5b902d9c-d840-47d3-80f5-0819854ebc82,196000,Should’ve Left You
10ba364f-51c6-4bfe-867f-8c4a366ba1ac,084308bd-1654-436f-ba03-df6697104e19,256626,The Static Age
ba17cb78-897f-4087-affc-22057e2fe935,c0b2500e-0cef-4130-869d-732b23ed9df5,233000,Here. In My Head
486e3ce1-59ad-40d0-a3f3-2679c8abd2b0,5ca3f318-d028-4151-ac73-78e2b2d6cdcc,239306,A Face in the Crowd
6244adb7-2a77-4e37-a0aa-6a99267bb655,0383dadf-2a4e-4d10-a46a-e9e041da8eb3,264000,A Kind of Magic
247f9a5c-96e5-48ba-889a-497d180f3749,6fe07aa5-fec0-4eca-a456-f29bff451b04,206000,Fake Smiles and Nervous Laughter
1259097a-32a7-457d-b321-a98f57e6edb0,d43d12a1-2dc9-4257-a2fd-0a3bb1081b86,172866,Man in Black
fb81a071-9c63-4e8c-ab60-77403e81c01d,89ad4ac3-39f7-470e-963a-56509c546377,136906,Don’t Panic
bf61a9d9-81d8-4374-b3a3-f84bf21f4d49,628abc89-3e26-4e2c-b33f-67544ccbb72c,124000,Maui Leaves (score demo)
4a0a7d99-a2af-46c4-8a96-2f23d0fb4a19,420e923e-e74c-42ef-b771-2e2bcee93394,213000,Run Boy Run
8cbebe83-17ba-43d6-ae3c-32d4e87345fc,6c8b9855-ba8b-48f9-ac1d-42167f7f7b18,200120,Caring Is Creepy
ee008830-e147-4967-8e5c-47d0de832a22,00b82d40-1abc-4139-be19-e64243c698cb,181160,What You Feel
6d82d0e9-ec20-4b5e-8993-382d59dd8069,5b902d9c-d840-47d3-80f5-0819854ebc82,332000,"Don't Think Twice, It's All Right"
cf944524-4d02-44cc-b479-7885ccd136f1,89ad4ac3-39f7-470e-963a-56509c546377,204400,Fox on the Run
c60aa61e-8531-442b-b1b3-058ef2cdbd73,b7539c32-53e7-4908-bda3-81449c367da6,238426,This Is What Makes Us Girls
e0986818-9fc0-4a93-be09-77b7a6c9c0dc,5b11f4ce-a62d-471e-81fc-a69a8278c7da,206173,Oh Me
17e59c6e-320c-464a-b1c7-3ce997627d1d,084308bd-1654-436f-ba03-df6697104e19,194000,Horseshoes and Handgrenades
14b6ae5a-3ae4-42a4-99b7-139f347b600b,9c9f1380-2516-4fc9-a3e6-f9f61941d090,223333,Hoodoo
800a038d-b181-44b0-98c8-06ebfb124b97,afb8f901-d846-4c70-a898-59bc183d1da7,183866,Here on Earth (I’ll Have My Cake)
e86e3274-c39f-43d0-ad65-067a61e169dd,084308bd-1654-436f-ba03-df6697104e19,210506,¡Viva la Gloria!
5b65195a-d447-448e-a7ba-af5f5d4d9e79,fa7b9055-3703-473a-8a09-adf2fe031a24,164266,Never There
0441c372-0624-4b06-8657-24390ed557eb,d6ed7887-a401-47a8-893c-34b967444d26,133306,Blitzkrieg Bop
53063a20-1bc0-4785-91ad-7f5c9b20fd0e,b7539c32-53e7-4908-bda3-81449c367da6,231000,Million Dollar Man
01b6ceb8-b3e7-486a-afea-f9943224e325,95f5b748-d370-47fe-85bd-0af2dc450bc0,293266,Jailhouse
cfae10ae-774b-4a67-9232-ea4c84e438bf,7746d775-9550-4360-b8d5-c37bd448ce01,226000,Virus Alert
23caec99-7f8d-4c26-90d7-04d3750c5970,f4abc0b5-3f7a-4eff-8f78-ac078dbce533,173000,8
65bb5ce9-6ff9-4385-b0f1-ece6366853b5,6fe07aa5-fec0-4eca-a456-f29bff451b04,210000,Thank God for Girls
6c2a15c0-1c1f-489a-ae41-cc9abf0bbd9e,83b9cbe7-9857-49e2-ab8e-b57b01038103,226000,Low Light
b6d33a54-8eda-460b-97b6-ee74d6d9dfd0,c0b2500e-0cef-4130-869d-732b23ed9df5,255533,Crucify (remix)
d757bb0e-f68e-42c7-8c72-20a722ba3fb7,5b902d9c-d840-47d3-80f5-0819854ebc82,270000,Not One
f13b8bd5-133d-4fb9-8da9-9668191f2689,6fe07aa5-fec0-4eca-a456-f29bff451b04,172960,Mykel & Carli
c0fa02fe-93cd-4a28-9574-ef11788b2704,b7ffd2af-418f-4be2-bdd1-22f8b48613da,96226,Big Man With a Gun
31658625-fe71-4083-9f13-09285f957687,00b82d40-1abc-4139-be19-e64243c698cb,223960,Walk Through the Fire
c2d8ca4f-503a-452b-ae1e-9646022eaf50,084308bd-1654-436f-ba03-df6697104e19,224160,Welcome to Paradise
f955bea8-6a46-40c0-80a2-30d2fbf1dbec,5ca3f318-d028-4151-ac73-78e2b2d6cdcc,195333,Time to Move On
6fccc0b1-c7e5-4f5c-910d-6220eb7f5edb,c0b2500e-0cef-4130-869d-732b23ed9df5,269293,Precious Things
5d7e41b2-ec4b-44dd-b25a-a576d7a08adb,6fe07aa5-fec0-4eca-a456-f29bff451b04,259266,The World Has Turned and Left Me Here
fb0453ee-996c-4826-83e5-20ff9312be6d,89ad4ac3-39f7-470e-963a-56509c546377,266000,Stay Alive
170e61f3-0665-4740-98f9-e5d3f21bd07e,3e55d51d-687f-4a9d-af96-2fabccf802e5,201000,Lovefool
64610c6f-f72a-4205-9c61-80dfe2ec8701,3377f3bb-60fc-4403-aea9-7e800612e060,194904,Angel on Fire
04246cb0-62ff-47c9-b517-584405f4d085,89ad4ac3-39f7-470e-963a-56509c546377,234706,Fair
f6e98c4f-1947-41bb-ab19-29376d5e7622,c0b2500e-0cef-4130-869d-732b23ed9df5,322026,Bells for Her
049322bb-c5d6-4433-8448-9ccbdc329bb5,084308bd-1654-436f-ba03-df6697104e19,187066,Christian’s Inferno
d506a8b2-4ba9-49b9-941f-40d1295ebd29,5b11f4ce-a62d-471e-81fc-a69a8278c7da,1235160,"Something in the Way / Endless, Nameless"
74df62df-e330-4377-9f8d-af68c4e1d4c1,6fe07aa5-fec0-4eca-a456-f29bff451b04,207760,Do You Wanna Get High?
4c04a3aa-38a5-4a9e-a40c-cb8dae19563f,925c7673-0e85-410f-b7e4-d9705a7aa619,236000,What’d I Miss
5a112297-02b5-4e60-939f-10274aabc541,6c8b9855-ba8b-48f9-ac1d-42167f7f7b18,110546,The Celibate Life
e0257ed7-bb40-45c0-be4d-13d80bb30820,183d6ef6-e161-47ff-9085-063c8b897e97,94906,Hot Cha
83a98255-7e46-4f4b-ba16-2974871c37ef,fa7b9055-3703-473a-8a09-adf2fe031a24,141000,Excuse Me (I Think I’ve Got a Heartache)
8be434b9-46da-49c1-b39f-fa4d655c19f1,6fe07aa5-fec0-4eca-a456-f29bff451b04,177146,I Swear It’s True (pre‐production recording)
1d3978dc-f76c-479f-9362-77c2cb1e2a57,925c7673-0e85-410f-b7e4-d9705a7aa619,181000,Where You Are (demo)
c4f7e9dd-0a9a-40b6-9059-b8cde6ba5f0b,5b902d9c-d840-47d3-80f5-0819854ebc82,181000,Places to Go
7a8196f6-8dd5-45c5-924b-a4ff786ab796,fa7b9055-3703-473a-8a09-adf2fe031a24,241000,You Turn the Screws
e72590f7-04ac-46cc-8263-5c784e644bba,69689acf-d9cd-4d20-a972-47db4ed51b1a,328000,Carry On Wayward Son
85d86d5d-47f9-4e9c-b6f7-1c5c1504b3ca,89ad4ac3-39f7-470e-963a-56509c546377,179200,Southern Nights
23ad93f2-8c38-4fcc-ae9e-b67a36ce6fb8,183d6ef6-e161-47ff-9085-063c8b897e97,198573,Birdhouse in Your Soul
d836830d-fb62-41b1-bc2a-fc899d1c99cc,6c8b9855-ba8b-48f9-ac1d-42167f7f7b18,231066,New Slang
7e8d8ecb-28c4-4167-91b0-2cbb010eb2db,6fe07aa5-fec0-4eca-a456-f29bff451b04,311893,Dreamin’
008ae406-c584-4982-9843-43e313c25e3e,2b5e6093-50b4-4b12-acf0-eac69c955076,0,Is This Fiction?
9be9dad8-1982-4839-a4dc-3a1e6f3765c2,4bd95eea-b9f6-4d70-a36c-cfea77431553,230760,God Smack
4e11412f-4d9c-4e83-8e14-091b6f95425a,5ca3f318-d028-4151-ac73-78e2b2d6cdcc,202120,You Wreck Me
898cfa63-09bd-4fa8-b76e-1d50c62a37ac,22fec580-f9fc-4baf-b8b1-3bab79be8ec8,318000,Untitled
e7a01433-d380-4555-9666-dfd9bba57a7f,3377f3bb-60fc-4403-aea9-7e800612e060,221000,Sorry
e015d367-eec2-4883-a1cd-0dd9d2171949,19f00315-8c23-4d69-8f02-9cee1987b40b,124093,Kissed by Lightning
b550aca5-bda6-466d-b1dd-e3b01fbe6d33,6fe07aa5-fec0-4eca-a456-f29bff451b04,219906,My Name Is Jonas
ddc77377-cbb7-442b-99af-6a165b6053bc,95f5b748-d370-47fe-85bd-0af2dc450bc0,366106,Pawn Shop
a1cea9cf-0893-4c3b-be33-2a260d327659,7509421d-1074-442f-be8f-b526167afcb3,196626,Boll Weevil
df364526-a805-4e44-be88-76d3f3ee678f,fbd2a255-1d57-4d31-ac11-65b671c19958,163693,Staring Problem
461ff607-8def-43db-a969-a1c55e349137,6fe07aa5-fec0-4eca-a456-f29bff451b04,311000,King
54e3b160-f237-4d13-9c67-a7905d5a3921,084308bd-1654-436f-ba03-df6697104e19,266000,American Eulogy: Mass Hysteria / Modern World
abbf5c72-081d-41ea-a110-4f1e366b6f79,084308bd-1654-436f-ba03-df6697104e19,127573,Burnout
976a369d-5a44-4034-9922-7533e5692934,6e0c7c0e-cba5-4c2c-a652-38f71ef5785d,186000,22
2aafa22b-0b2c-4c60-b7eb-fbd4ac45d4a7,fbd2a255-1d57-4d31-ac11-65b671c19958,212226,Ex‐Girlfriend
63026c60-e046-42a6-98ab-0ec96d1a99c2,95f5b748-d370-47fe-85bd-0af2dc450bc0,181773,What I Got (reprise)
bccf1cbe-a941-4b55-b5fb-efeb5bfaa61a,0383dadf-2a4e-4d10-a46a-e9e041da8eb3,265533,Crazy Little Thing Called Love
08de2b71-80dd-46f3-ad6a-912bdc779ed3,6fe07aa5-fec0-4eca-a456-f29bff451b04,173760,Wind in Our Sail
22634016-2ad5-4bc2-8c08-1d54d1e5c463,7b7b1e6f-e73e-41a0-9d72-8f0b30c6992d,248733,Outsider
c105a3d7-499a-487a-81d7-c35994e7e932,a6c6897a-7415-4f8d-b5a5-3a5e05f3be67,239000,Anathema
330aa71c-06fa-4eaf-920c-ff19727033a8,3377f3bb-60fc-4403-aea9-7e800612e060,206000,Alone
ad73ef2a-a4ff-4970-82f5-fe8901033d7c,c0b2500e-0cef-4130-869d-732b23ed9df5,190440,The Waitress
d0341b49-fca2-40b9-be43-754fec1b6fcf,95f5b748-d370-47fe-85bd-0af2dc450bc0,233360,"April 29, 1992 (Miami)"
dce77649-b14e-4fe0-aded-dfd379d64af4,83b9cbe7-9857-49e2-ab8e-b57b01038103,284000,Rearviewmirror
1226999c-e94e-49a0-94a1-3028d99b2883,83b9cbe7-9857-49e2-ab8e-b57b01038103,258106,Deep
536ebdfa-abcc-4931-9986-d5beeef10063,7746d775-9550-4360-b8d5-c37bd448ce01,0,Pancreas
1b3e5b6d-93c4-45a8-b81c-e51ac84cda4c,5b902d9c-d840-47d3-80f5-0819854ebc82,225000,Fidelity
c408a667-1512-499c-b3d1-bc38b6d9576c,00b82d40-1abc-4139-be19-e64243c698cb,241266,I’ll Never Tell
15e6b2ed-34c6-4a07-bc59-666d818eaf29,0383dadf-2a4e-4d10-a46a-e9e041da8eb3,206240,Who Wants to Live Forever
998fd949-5222-41ba-9cb8-b2272474bfdb,c0b2500e-0cef-4130-869d-732b23ed9df5,226920,Me and a Gun
c0f27bed-7986-4c88-a9c6-1d16ebc9817b,89ad4ac3-39f7-470e-963a-56509c546377,279680,Moonage Daydream
b92d906e-fc3d-4cd8-878b-a38b2e8dea32,6e0c7c0e-cba5-4c2c-a652-38f71ef5785d,254000,Back to the Start
43b0f46d-7961-418c-a87b-7ce8c3cc51b4,95f5b748-d370-47fe-85bd-0af2dc450bc0,251920,Doin’ Time
8657c138-fed2-478f-abd7-bf7fe9cc2d68,fa7b9055-3703-473a-8a09-adf2fe031a24,129146,Stickshifts and Safetybelts
b4f70215-b1f0-4315-968e-b1260fabc48c,925c7673-0e85-410f-b7e4-d9705a7aa619,157000,You’re Welcome (demo)
acccb60e-359f-4734-9d3b-3f065e58dd87,3377f3bb-60fc-4403-aea9-7e800612e060,181000,Bad at Love
7d337191-52c2-4301-a512-75c40f948a89,0383dadf-2a4e-4d10-a46a-e9e041da8eb3,228440,Play the Game
7e95c9dc-8b52-4f40-96e1-981e1cb49eb1,6fe07aa5-fec0-4eca-a456-f29bff451b04,181520,Thought I Knew
38cc0148-b284-4565-a5e4-e017395c3b00,a6c6897a-7415-4f8d-b5a5-3a5e05f3be67,259000,Morph
8addd544-aad9-4498-a93b-a10003636f7a,925c7673-0e85-410f-b7e4-d9705a7aa619,158000,More (reprise) (outtake)
e40ebf90-0cb7-4499-bd04-aab701b6feb9,d43d12a1-2dc9-4257-a2fd-0a3bb1081b86,163360,Understand Your Man
d141baa5-ad5d-4893-aa9e-ae50d6c117bf,83b9cbe7-9857-49e2-ab8e-b57b01038103,319000,Jeremy
50e21aad-459d-4354-9800-deed3db91d90,0383dadf-2a4e-4d10-a46a-e9e041da8eb3,269600,Love of My Life
eeed70cb-7940-4b07-a88f-293004cd07d7,95f5b748-d370-47fe-85bd-0af2dc450bc0,131400,The Ballad of Johnny Butt
fba87631-6ed8-457a-87d3-2388c6a45e5c,4bd95eea-b9f6-4d70-a36c-cfea77431553,150000,Them Bones
2d996ce2-6bcb-4e48-8c69-46cb83f96fcb,7b7b1e6f-e73e-41a0-9d72-8f0b30c6992d,313426,The Good Ship Lifestyle
814d0058-998a-4657-9842-a2c7ad2ad3a8,fbd2a255-1d57-4d31-ac11-65b671c19958,272960,Sunday Morning
991cb51f-14a6-4dc8-bdcf-3cefde76b853,00b82d40-1abc-4139-be19-e64243c698cb,416200,Suite From “Hush”: Silent Night / First Kiss / Enter the Gentlemen / Schism
a98f8dfd-c54d-4c1c-baa1-e14b9edfdaef,5ca3f318-d028-4151-ac73-78e2b2d6cdcc,298440,Honey Bee
94273c77-41e1-4286-804e-21c714c77a0d,d43d12a1-2dc9-4257-a2fd-0a3bb1081b86,242426,One Piece at a Time
f4b2219f-81f4-4ed8-bf6c-baf39db901ab,9e103f85-7af7-41d7-b83b-49ba8f0c5abf,301000,Dirty Paws
f5057d26-1aac-47fe-b766-18c5a28927b1,cc2c9c3c-b7bc-4b8b-84d8-4fbd8779e493,243200,Don’t You Remember
028392ec-2f2b-4c48-8cc3-43006d37c7e4,afb8f901-d846-4c70-a898-59bc183d1da7,157106,Androgynous
c45d0555-0678-4742-abbc-f5626b941e06,afb8f901-d846-4c70-a898-59bc183d1da7,233600,Mmm Mmm Mmm Mmm
6da76448-982a-4a01-b65b-9a710301c9c9,5b11f4ce-a62d-471e-81fc-a69a8278c7da,301106,Smells Like Teen Spirit
7719a95c-313e-4654-be5f-411e927dad01,925c7673-0e85-410f-b7e4-d9705a7aa619,237000,The Election of 1800
5ac6c47f-bce8-4718-8bc6-f1de40693d14,cc2c9c3c-b7bc-4b8b-84d8-4fbd8779e493,250133,Turning Tables
595af36f-9778-4cb3-b43d-9630051588b4,afb8f901-d846-4c70-a898-59bc183d1da7,310400,God Shuffled His Feet
ae7326dc-27a7-4bd3-a3c6-db61ac6d664c,5b11f4ce-a62d-471e-81fc-a69a8278c7da,277266,Jesus Doesn’t Want Me for a Sunbeam
accad857-6d36-410a-8859-3e456a08b1ac,89ad4ac3-39f7-470e-963a-56509c546377,184760,Brandy (You’re a Fine Girl)
ffb2cc38-a99d-4599-888c-b7ad89c6bbeb,7b7b1e6f-e73e-41a0-9d72-8f0b30c6992d,308640,"Drip, Drip, Drip"
db4ced4f-be2b-4339-89b5-b969a7322ad9,22fec580-f9fc-4baf-b8b1-3bab79be8ec8,295666,Different Stars (Live Session at KCRW)
6de5f61a-15e1-4d95-83e6-b063cfacf79c,89ad4ac3-39f7-470e-963a-56509c546377,201960,Go All the Way
1c98f48c-b617-489c-adb6-31aae5038636,084308bd-1654-436f-ba03-df6697104e19,321093,21 Guns
26ee81f3-3585-4545-95b8-da7495f90d19,95f5b748-d370-47fe-85bd-0af2dc450bc0,261266,Garden Grove
a2157d6d-fd36-45f2-8697-5361b6083c13,925c7673-0e85-410f-b7e4-d9705a7aa619,83000,Meet Me Inside
ddc60c9b-c4b9-4308-92cc-305dac7124e9,86e736b4-93e2-40ff-9e1c-fb7c63fef5f6,290000,Crazy
60de9f58-423d-4a9d-94e1-9b1d309a9b18,fbd2a255-1d57-4d31-ac11-65b671c19958,240400,Bathwater
aba92f0a-ff91-4c85-aca2-b7f43ad9e9e6,fa7b9055-3703-473a-8a09-adf2fe031a24,144333,"Perhaps, Perhaps, Perhaps"
5d6b3810-25e1-45fd-aa53-0f9903d7cfd3,afb8f901-d846-4c70-a898-59bc183d1da7,186640,Here I Stand Before Me
5cc7904e-2ac2-4e07-bc5d-f6febbf85145,89ad4ac3-39f7-470e-963a-56509c546377,269000,Flash Light
8263e9e6-2304-411b-a1c4-033a19b425bc,3377f3bb-60fc-4403-aea9-7e800612e060,202000,Eyes Closed
91f1826e-b44c-4f23-af49-59d24893e28b,3377f3bb-60fc-4403-aea9-7e800612e060,207000,Heaven in Hiding
096bb8ac-5781-45d3-86ac-e029b2b40efb,d43d12a1-2dc9-4257-a2fd-0a3bb1081b86,157733,Flesh and Blood
0e6871fc-d16f-4cc8-86fc-c8d368f906d4,89ad4ac3-39f7-470e-963a-56509c546377,272226,In the Waiting Line
9f736312-90b7-4191-9552-05033eda711a,9f870653-72b0-4c6d-8c59-439a95963e09,254000,Surrender
beffa4c2-f44f-463f-ab1e-ae9ea0cd2f72,83b9cbe7-9857-49e2-ab8e-b57b01038103,147973,MFC
db15df4f-f4c4-480b-b7ac-59debb1c1830,fa7b9055-3703-473a-8a09-adf2fe031a24,226000,Walk On By
656f68c4-40d2-4919-aa9f-5457d6afa6b9,084308bd-1654-436f-ba03-df6697104e19,174000,Chump
848701cc-6163-447d-ba0e-65234f7dfeeb,c0b2500e-0cef-4130-869d-732b23ed9df5,299360,Crucify (LP version)
dc6a74a7-5296-4d83-82e5-d11bf0740f6c,fa7b9055-3703-473a-8a09-adf2fe031a24,236000,Frank Sinatra
35fe9c12-acbc-454d-9dd3-a435aa383beb,86e736b4-93e2-40ff-9e1c-fb7c63fef5f6,237000,What a Good Boy
d871b5ab-0a48-4b93-95d7-be3e6a599248,328d146c-79f1-4eb6-9e40-8ee5710c14e5,216746,Headlock
17514e31-e00e-44aa-8450-c4a7fffa317b,fa7b9055-3703-473a-8a09-adf2fe031a24,195960,Sad Songs and Waltzes
03cfbd24-f010-43d7-b88e-58fc9ba7af63,22fec580-f9fc-4baf-b8b1-3bab79be8ec8,390426,In a Song
c43146f2-7b15-4eb7-ae71-10e5bb7be10a,a6c6897a-7415-4f8d-b5a5-3a5e05f3be67,297000,Slowtown
40a8c585-590c-4d9a-9889-dab6af60086b,5ca3f318-d028-4151-ac73-78e2b2d6cdcc,292000,Runnin’ Down a Dream
e322579e-29ce-49f8-ba83-04a63a7c1348,00b82d40-1abc-4139-be19-e64243c698cb,26266,Main Title
0cd8ff70-51de-4f97-bfe1-5fd712b14ac6,925c7673-0e85-410f-b7e4-d9705a7aa619,97000,I Know Him
e3ec8542-fdf5-4349-9f6d-844f4bdf1561,afb8f901-d846-4c70-a898-59bc183d1da7,103560,Untitled
872e3145-7f49-4f7a-afc7-a8d4deb86a77,89ad4ac3-39f7-470e-963a-56509c546377,234000,Maneater
4a6ad571-f3d8-40d2-b5b5-aabaf1fb7dd0,4bd95eea-b9f6-4d70-a36c-cfea77431553,189360,Dam That River
1712fd13-69b1-47bb-8eba-97211153c061,fbd2a255-1d57-4d31-ac11-65b671c19958,268173,Spiderwebs
7453353e-4c0f-444a-a596-2879c69e794c,925c7673-0e85-410f-b7e4-d9705a7aa619,225000,Burn
94b961cd-3fb9-4ed0-a3cc-09fb38b1dcba,00b82d40-1abc-4139-be19-e64243c698cb,45866,What You Feel (reprise)
789038e6-8b33-4904-a4f0-bf06987bf490,7509421d-1074-442f-be8f-b526167afcb3,251626,Body
622baf54-342a-40a6-801e-43f159fc4f38,ba0d6274-db14-4ef5-b28d-657ebde1a396,200800,Today
82a74df5-4012-49b6-a5ae-3fc6a83e5cfc,5b902d9c-d840-47d3-80f5-0819854ebc82,190000,Poker Face
fceeee63-4864-4916-a298-b26c1c80b196,a6c6897a-7415-4f8d-b5a5-3a5e05f3be67,265000,The Hype
b7141a50-94d4-4f3a-b238-a434f69e5d02,53317371-09a4-4bf4-a832-22a9c6704be2,236306,Cool Kids
924b2655-39c3-4fe1-b10d-361dadff25be,925c7673-0e85-410f-b7e4-d9705a7aa619,242000,Say No to This
a43f2552-8c30-4324-a0a3-c9cba17c267b,0e8a1150-20a3-4663-bbd3-0cc73c3dbb28,230626,Dumb and Dumber: The Ballad of Peter Pumpkinhead
757663b9-2e53-4772-869a-2d0d4321d669,420e923e-e74c-42ef-b771-2e2bcee93394,169826,Stabat Mater
04f96056-91ac-4b64-af89-24c596013f05,cc2c9c3c-b7bc-4b8b-84d8-4fbd8779e493,348160,One and Only
bc43b762-3d55-4cdd-93af-c14026da659b,c544ed4d-2390-4442-a83e-1ea2883b09c8,376000,Sweet Home Alabama
21625df1-4300-4eb3-bb34-de0c261aba2e,a6c6897a-7415-4f8d-b5a5-3a5e05f3be67,324000,Chlorine
af7d510f-388e-48c0-9fe7-14c9e2497177,5b902d9c-d840-47d3-80f5-0819854ebc82,254000,Movin’ On
8e71a5cc-6a46-45da-8a1f-592583e82553,fa7b9055-3703-473a-8a09-adf2fe031a24,238000,When You Sleep
3274db42-378f-4d53-8c00-a2d964473524,afb8f901-d846-4c70-a898-59bc183d1da7,204466,Two Knights and Maidens
b2823384-7ee0-4cb3-942a-f93b52cb5389,89ad4ac3-39f7-470e-963a-56509c546377,240000,Spirit in the Sky
07b6ef02-92ed-4ce4-9e61-51f439f9bfdd,6e0c7c0e-cba5-4c2c-a652-38f71ef5785d,208213,Chinese
8088bcc9-a9c8-40c5-9b3a-dc3b033e4fe7,084308bd-1654-436f-ba03-df6697104e19,275933,See the Light
ff1e3e1a-f6e8-4692-b426-355880383bb6,9c9f1380-2516-4fc9-a3e6-f9f61941d090,209333,Supermassive Black Hole
c023e01b-fe85-4d22-99bd-df4347b4a3a4,0383dadf-2a4e-4d10-a46a-e9e041da8eb3,223333,We Are the Champions
116a9c7a-7589-4761-8deb-1b79ad2d4373,5ca3f318-d028-4151-ac73-78e2b2d6cdcc,212293,Don’t Fade on Me
2b26701e-73cd-47f9-9cc3-f97038bd71e5,5b902d9c-d840-47d3-80f5-0819854ebc82,209786,Happy Song
a4b25265-8261-4f0e-84f5-d7e29fd33162,6e0c7c0e-cba5-4c2c-a652-38f71ef5785d,221520,Fuck You
ea714e98-6a99-4bca-b38a-a69ea34b5da4,ba0d6274-db14-4ef5-b28d-657ebde1a396,313866,Geek U.S.A.
d93a5977-2c42-478b-808b-d6994779b287,a6c6897a-7415-4f8d-b5a5-3a5e05f3be67,177000,Smithereens
78c9a3c5-850f-45cb-8fd0-39e78a552956,5b11f4ce-a62d-471e-81fc-a69a8278c7da,306066,Where Did You Sleep Last Night?
57dd9098-baab-4157-a27b-fbdcf94ad02e,89ad4ac3-39f7-470e-963a-56509c546377,163000,Bring It On Home to Me
4be6d7b6-36c2-431e-9bc3-01af8cc4881b,925c7673-0e85-410f-b7e4-d9705a7aa619,193000,Wait for It
d8f04ba0-8f7e-4016-b818-5f07514d11e8,6fe07aa5-fec0-4eca-a456-f29bff451b04,186506,Surf Wax America
b4f0642e-05c5-4bc4-bf0c-95e67bfb3e99,5b11f4ce-a62d-471e-81fc-a69a8278c7da,183840,Breed
77cc1ac0-f157-47fe-b252-105316d908e3,d8df7087-06d5-4545-9024-831bb8558ad1,186400,Code Monkey
e87fb0eb-58cb-42b4-a352-9254de99348a,f4abc0b5-3f7a-4eff-8f78-ac078dbce533,156000,ilomilo
47a85b66-c186-4c97-a9fe-c41e1135de6b,c0b2500e-0cef-4130-869d-732b23ed9df5,230560,Thank You
d8417d44-9324-43b8-838a-e1034ac11f8c,5b11f4ce-a62d-471e-81fc-a69a8278c7da,177000,Polly
9576591d-8a0a-417f-8e7b-117cff3221c7,5b902d9c-d840-47d3-80f5-0819854ebc82,176773,Do It All Over
96c534ec-a7d1-416a-8223-fd992d340c0a,c0b2500e-0cef-4130-869d-732b23ed9df5,197026,Smells Like Teen Spirit
f16412c7-6f8a-47f7-a41f-894b4194181b,0383dadf-2a4e-4d10-a46a-e9e041da8eb3,248893,Friends Will Be Friends
4eb581fa-4080-4b0b-9ef0-2c8720c02190,5b11f4ce-a62d-471e-81fc-a69a8278c7da,223893,Drain You
694da04d-1ffc-435c-8b4b-59cc23ac8003,f4abc0b5-3f7a-4eff-8f78-ac078dbce533,193000,bad guy
a5ba0a92-902f-4b78-9590-3f5a899ecc33,fbd2a255-1d57-4d31-ac11-65b671c19958,398466,The Climb
57fc7a42-2788-4045-8cbe-279cdec880e5,7509421d-1074-442f-be8f-b526167afcb3,196826,Candy
b2c7a52c-666d-499c-9ad3-4df77fb9d560,5b902d9c-d840-47d3-80f5-0819854ebc82,149626,Lost in the Sea
1b293a16-dd40-4b0c-8bea-956bb22bf399,5ca3f318-d028-4151-ac73-78e2b2d6cdcc,255693,Free Fallin’
affa77b7-945c-45ad-b263-448c0055137c,0383dadf-2a4e-4d10-a46a-e9e041da8eb3,220506,Hammer to Fall
7a408099-5c69-4f53-8050-6b15837398d1,6fe07aa5-fec0-4eca-a456-f29bff451b04,347693,Only in Dreams (Kitchen Tapes)
f835ae89-146c-45ec-adf8-9b5c388c69c8,c0b2500e-0cef-4130-869d-732b23ed9df5,193960,Leather
0e2096e6-7908-414a-8e35-0829d5a425ee,c0b2500e-0cef-4130-869d-732b23ed9df5,347133,Icicle
2622c504-09b0-4376-ab85-5522cf22f228,6fe07aa5-fec0-4eca-a456-f29bff451b04,333680,Undone – The Sweater Song (Kitchen Tapes)
96165910-95f2-4533-908a-6b8f340ebea7,420e923e-e74c-42ef-b771-2e2bcee93394,221666,The Other Side
edf55bc5-d52f-4579-ae6c-32e1a441b517,925c7673-0e85-410f-b7e4-d9705a7aa619,63000,Schuyler Defeated
a1f2e63d-83e0-4ec7-a29f-1732a0c86328,7746d775-9550-4360-b8d5-c37bd448ce01,171000,White & Nerdy
eab6b93d-5775-4f96-9274-ed4ef78d2058,a6c6897a-7415-4f8d-b5a5-3a5e05f3be67,289000,Car Radio
5c996b78-ba8f-4307-bcde-492ff873970e,83b9cbe7-9857-49e2-ab8e-b57b01038103,206866,Glorified G
19743e71-e55d-4413-9450-0be53223675a,89ad4ac3-39f7-470e-963a-56509c546377,208000,Come and Get Your Love
b04b5028-da5b-4f05-bfe3-4f8f80396d98,89ad4ac3-39f7-470e-963a-56509c546377,148800,Ain’t No Mountain High Enough
da9ce80f-59a0-408b-91e1-b0e7bbd05b95,183d6ef6-e161-47ff-9085-063c8b897e97,155160,Istanbul (Not Constantinople)
77e07206-4b13-41c0-b7bd-3b3a481c397b,628abc89-3e26-4e2c-b33f-67544ccbb72c,238000,Kakamora (score demo)
5cf8a75b-f825-4f1f-abe3-dcf053b573c3,3377f3bb-60fc-4403-aea9-7e800612e060,221000,Strangers
f954ee5b-9967-4ad5-ae35-13d2ef1082ef,a6c6897a-7415-4f8d-b5a5-3a5e05f3be67,260000,Lovely
3883ced9-a428-4476-ae90-652acf2360d9,084308bd-1654-436f-ba03-df6697104e19,150840,Pulling Teeth
2a7317f9-daa4-47be-b537-5c4583ca7c3a,c0b2500e-0cef-4130-869d-732b23ed9df5,573066,"Yes, Anastasia"
690f995e-4417-4a92-8c89-af41a64e5e00,084308bd-1654-436f-ba03-df6697104e19,174000,Murder City
d297f0f5-57e7-44ab-b26f-3da40ca2a5f0,7509421d-1074-442f-be8f-b526167afcb3,224933,Naked and Famous
5cffd97e-6f94-48ad-9874-c4ab7e594782,5ca3f318-d028-4151-ac73-78e2b2d6cdcc,185666,Yer So Bad
ec535711-a0f0-4ea9-a7c4-4058304da434,925c7673-0e85-410f-b7e4-d9705a7aa619,178000,That Would Be Enough
7b76a2ea-6aaa-4591-9f55-9b1bb0dfc1fa,fa7b9055-3703-473a-8a09-adf2fe031a24,216000,No Phone
8f2f496b-f8ec-4e57-8dc6-08ab5e88aa32,afb8f901-d846-4c70-a898-59bc183d1da7,193866,The Voyage
0ad5b627-7687-4369-935f-e291cf22a3a2,c0b2500e-0cef-4130-869d-732b23ed9df5,283640,Cloud on My Tongue
662057b3-5345-4ad3-b0e8-9d7e7956aa0c,0383dadf-2a4e-4d10-a46a-e9e041da8eb3,297266,Who Wants to Live Forever
5b6f20df-a3fa-4469-81f5-189bc5dc781e,5ca3f318-d028-4151-ac73-78e2b2d6cdcc,228000,Hard on Me
41ff6482-2ae2-4b2a-905d-c35870f534af,6fe07aa5-fec0-4eca-a456-f29bff451b04,164693,Troublemaker
1222bfac-94b0-46d7-887d-fc11ba1a3af2,c0b2500e-0cef-4130-869d-732b23ed9df5,206200,Pretty Good Year
a381b7aa-022d-4d02-83a4-2c9fd7979c43,a6c6897a-7415-4f8d-b5a5-3a5e05f3be67,280000,Leave the City
144d76ef-95e2-4e93-b265-0f5601712e53,084308bd-1654-436f-ba03-df6697104e19,227680,¿Viva la Gloria? (Little Girl)
c0f32653-84dd-40cd-b00b-0084a5636b82,0383dadf-2a4e-4d10-a46a-e9e041da8eb3,209573,I Want to Break Free
a30043b9-3487-459d-929d-26faf35f8418,5ca3f318-d028-4151-ac73-78e2b2d6cdcc,303000,Crawling Back to You
d800c1bd-91d8-4f76-a624-7fe80a6882c4,183d6ef6-e161-47ff-9085-063c8b897e97,140453,Someone Keeps Moving My Chair
39973f6c-4d2f-4683-947c-10f74f909cfe,b7539c32-53e7-4908-bda3-81449c367da6,243000,Dark Paradise
6aa99cc8-7c13-4011-8c55-b14922079cf7,83b9cbe7-9857-49e2-ab8e-b57b01038103,66800,🔴
9c8d33e0-e570-4a7f-a46a-e29bd96d1c84,420e923e-e74c-42ef-b771-2e2bcee93394,126426,Shadows
c21b28ad-965c-48fe-9335-b5f277fb7ee9,d43d12a1-2dc9-4257-a2fd-0a3bb1081b86,183466,Don’t Take Your Guns to Town
ed3a357a-cd5c-4489-aeb3-25cc87bac005,f4abc0b5-3f7a-4eff-8f78-ac078dbce533,193357,COPYCAT
dad646a9-d58c-4e8c-960e-1433a2185f01,6fe07aa5-fec0-4eca-a456-f29bff451b04,241974,Jamie
bf196703-9bd0-422e-a390-7779ffa3b79f,83b9cbe7-9857-49e2-ab8e-b57b01038103,243640,All Those Yesterdays
68aaf9b2-faaa-4593-9442-ffffc88ac820,f4abc0b5-3f7a-4eff-8f78-ac078dbce533,221546,wish you were gay
dd832390-db07-4f16-b7d3-36a08d86c921,6fe07aa5-fec0-4eca-a456-f29bff451b04,205000,California Kids
fba8c753-8c84-45b4-a896-7e1f4d921fce,5b11f4ce-a62d-471e-81fc-a69a8278c7da,218133,Plateau
5404386f-658b-46ae-987d-b17817e0fe43,3377f3bb-60fc-4403-aea9-7e800612e060,149000,Lie
941e8fd3-7bc8-4136-bf9e-4117befb21b9,6fe07aa5-fec0-4eca-a456-f29bff451b04,209893,L.A. Girlz
199069ef-ff18-48a7-95f3-caaa9ee20b10,ba0d6274-db14-4ef5-b28d-657ebde1a396,221973,Quiet
5395c0ff-5a8a-4f87-b5e7-4d93f013e75b,7b7b1e6f-e73e-41a0-9d72-8f0b30c6992d,243466,Creepy Crawling
ff6a854d-d2c3-469d-b60a-7b982f66cb9c,084308bd-1654-436f-ba03-df6697104e19,94906,Coming Clean
27697708-3c75-4da4-9d04-7594b99498c4,89ad4ac3-39f7-470e-963a-56509c546377,173000,Hooked on a Feeling
688301b0-ae38-4aeb-8a4d-993330a74ba8,b7ffd2af-418f-4be2-bdd1-22f8b48613da,202600,A Warm Place
2be922c8-1250-47f6-895e-c4da99a93fde,a96ac800-bfcb-412a-8a63-0a98df600700,208466,Float On
c2346997-a02c-4f72-ace6-c3be7b0fc60f,5b902d9c-d840-47d3-80f5-0819854ebc82,267000,I Miss You
eb47c73d-9b9a-4192-880b-8de78114a536,7746d775-9550-4360-b8d5-c37bd448ce01,96000,Weasel Stomping Day
651eddc8-864b-4549-9fb1-4277d727ad17,95f5b748-d370-47fe-85bd-0af2dc450bc0,75226,Paddle Out
0df33b22-38e2-47fe-a86b-9fb3387f1ce1,f4abc0b5-3f7a-4eff-8f78-ac078dbce533,204770,party favor
5f497473-e036-41bf-b1ce-f32eaeb6d889,00b82d40-1abc-4139-be19-e64243c698cb,304333,Suite From “Restless”: Willow’s Nightmare / First Rage / Chain of Ancients
40c62589-208a-4fd7-8523-5bc5d98550bb,19f00315-8c23-4d69-8f02-9cee1987b40b,150266,Misadventures of Dope
204f3908-0e96-48f0-a4d7-83e6a830e53b,89ad4ac3-39f7-470e-963a-56509c546377,197000,Guardians Inferno
b9e8436a-ef5d-4949-af67-f95ce1667f50,d43d12a1-2dc9-4257-a2fd-0a3bb1081b86,164626,I Walk the Line
ed288019-e5d4-4f55-9ba4-a9cb682252d4,fbd2a255-1d57-4d31-ac11-65b671c19958,148466,Six Feet Under
687f2677-6198-47a1-9d99-8666d57db37e,83b9cbe7-9857-49e2-ab8e-b57b01038103,300000,In Hiding
5b5c9ca6-2b07-4e96-af14-a854eb1019eb,83b9cbe7-9857-49e2-ab8e-b57b01038103,302133,Indifference
d18df159-c100-42cf-bfd1-77a14c55751c,fa7b9055-3703-473a-8a09-adf2fe031a24,144973,She’ll Come Back to Me
2fe81332-ea91-47f1-a520-bf242a5f1eb2,afb8f901-d846-4c70-a898-59bc183d1da7,227933,The Psychic
9bf3902b-096a-4b8f-83d6-fc9b2c0d83e7,b7539c32-53e7-4908-bda3-81449c367da6,209440,Blue Jeans
1d1cabe7-a764-479a-9af9-095d9450b709,22fec580-f9fc-4baf-b8b1-3bab79be8ec8,302853,What Could I Say
4151305e-fe8c-450e-8567-209e844ba2aa,83b9cbe7-9857-49e2-ab8e-b57b01038103,255333,Rats
bfd37140-14fd-497a-a39d-c133011ac244,d43d12a1-2dc9-4257-a2fd-0a3bb1081b86,157026,Ring of Fire
24e6c878-c1a2-4e64-8d8f-a229f9b6d1ed,a6c6897a-7415-4f8d-b5a5-3a5e05f3be67,283000,Cut My Lip
938440e0-99df-42cf-91e3-52b088a8f19e,0383dadf-2a4e-4d10-a46a-e9e041da8eb3,241906,I Want It All
7d23920d-8100-492c-8297-eb2eb7d7e306,a6c6897a-7415-4f8d-b5a5-3a5e05f3be67,260000,Trees
5388ce74-a4b1-4d19-b6cc-75b1c706748b,f4abc0b5-3f7a-4eff-8f78-ac078dbce533,229426,hostage
31ef97d0-1ce6-4dda-a835-081ca0c73aa5,89ad4ac3-39f7-470e-963a-56509c546377,206560,Winding Road
b6eef35a-181c-4ef0-9cee-5b4ae249a68d,83b9cbe7-9857-49e2-ab8e-b57b01038103,359000,W.M.A.
b0b9e9c1-a234-42db-a2b6-d0d576bf525d,4bd95eea-b9f6-4d70-a36c-cfea77431553,208000,Would?
aa0a3d7d-6f24-47ce-9809-ff58cea0a7bf,9c9f1380-2516-4fc9-a3e6-f9f61941d090,211133,Assassin
980579ec-57fb-4a2a-a1fd-45873ef14bcc,00b82d40-1abc-4139-be19-e64243c698cb,112706,Where Do We Go From Here?
5c895016-1752-499a-b161-448678767d41,6fe07aa5-fec0-4eca-a456-f29bff451b04,205760,(Girl We Got a) Good Thing
50c7c153-5f7d-4c0d-b181-fd4fa53946bb,c0b2500e-0cef-4130-869d-732b23ed9df5,248013,Girl
f7ac651b-1ee3-43a2-9c76-cb6a1249f169,628abc89-3e26-4e2c-b33f-67544ccbb72c,45000,Sea Monsters (score demo)
60e94685-0481-4d3d-bd84-11c389d9b2a5,9c9f1380-2516-4fc9-a3e6-f9f61941d090,239800,Starlight
27c4e7bd-81f1-4674-8625-4da779777523,183d6ef6-e161-47ff-9085-063c8b897e97,174466,Your Racist Friend
34310138-b423-4ef7-a914-7972cee6a3d3,0383dadf-2a4e-4d10-a46a-e9e041da8eb3,249000,Breakthru
683b8e21-0c50-4074-a577-a8de8af6e95e,fbd2a255-1d57-4d31-ac11-65b671c19958,256093,Too Late
5f943be1-99d2-401f-8814-bebe048d1e3c,f4abc0b5-3f7a-4eff-8f78-ac078dbce533,179172,bellyache
532005e9-6ed9-45d3-a3b6-3f6bf1f1f87d,183d6ef6-e161-47ff-9085-063c8b897e97,82226,Letterbox
6ee91232-92cd-4c76-8ce1-70e8986c23ac,3377f3bb-60fc-4403-aea9-7e800612e060,210000,Don’t Play
ba7a88da-f864-4ead-9a63-36f92d10de46,f4abc0b5-3f7a-4eff-8f78-ac078dbce533,196077,when the party’s over
9738401c-5720-4569-8f56-9780b8b0ab2e,5b11f4ce-a62d-471e-81fc-a69a8278c7da,253893,Come as You Are
aed4a772-14f7-4e20-998a-a53f9f1d6f00,00b82d40-1abc-4139-be19-e64243c698cb,33800,End Credits (Broom Dance / Grr Arrgh)
154c88a6-8595-4b31-833e-cbdcdc71cf1d,fbd2a255-1d57-4d31-ac11-65b671c19958,254826,You Can Do It
e1b7cd2e-bdf9-45d5-b52e-cc8a94d5d1da,6fe07aa5-fec0-4eca-a456-f29bff451b04,478440,Only in Dreams
55a7eb65-9b9e-4701-b6ae-de32b3a5652e,9c9f1380-2516-4fc9-a3e6-f9f61941d090,300200,Invincible
fb9e081f-d9ae-4a18-8f4a-7f8bfbbac588,4bd95eea-b9f6-4d70-a36c-cfea77431553,375000,Rooster
e8503b24-2da2-4603-9c2b-2a49deb12106,a6c6897a-7415-4f8d-b5a5-3a5e05f3be67,218000,Clear
5f762ad7-4c02-4fbd-a9ca-8e07873c5834,83b9cbe7-9857-49e2-ab8e-b57b01038103,233000,Do the Evolution
fc9d3f66-310c-45ed-9ef2-4781df78343d,89ad4ac3-39f7-470e-963a-56509c546377,226000,Lake Michigan
35cbb45d-0b40-415e-9301-f43fec4e1497,83b9cbe7-9857-49e2-ab8e-b57b01038103,343666,Black
bf572f1c-75c3-4c2c-81de-7eecc0544cd2,afb8f901-d846-4c70-a898-59bc183d1da7,225266,The Ghosts That Haunt Me
ced743e6-5a08-4fcc-8b63-decc2ddc8f5e,3377f3bb-60fc-4403-aea9-7e800612e060,210000,100 Letters
c3737ac0-36b3-467d-b8a9-ac822ea62bfa,c0b2500e-0cef-4130-869d-732b23ed9df5,183066,The Wrong Band
196c4732-bf95-4cac-9dac-a56794465958,fa7b9055-3703-473a-8a09-adf2fe031a24,216000,Hem of Your Garment
4eac4e76-60c6-42f1-a41b-dfb274fdb1e6,00b82d40-1abc-4139-be19-e64243c698cb,19666,The Mustard
666f6bec-5a4c-4efd-971b-8e18b0a1ee69,19f00315-8c23-4d69-8f02-9cee1987b40b,216946,Blood Music
728e6e1d-b9b3-4aeb-ac0e-fef827d5b8fa,7746d775-9550-4360-b8d5-c37bd448ce01,236000,Close but No Cigar
80a7eaf1-4c75-4c6c-ae08-71f5d9e147ab,6c8b9855-ba8b-48f9-ac1d-42167f7f7b18,322040,The Past and Pending
79666748-d0f7-4f8a-806e-6c8419345069,ba0d6274-db14-4ef5-b28d-657ebde1a396,523466,Silverfuck
887dec30-5d1a-4202-b4f5-0ad83b0c9781,95f5b748-d370-47fe-85bd-0af2dc450bc0,290760,Get Ready
750b035e-6e89-4ff3-b964-2620c9f3cf86,1fc494a1-9109-4081-a455-2d05bea9d2bf,163227,The Way I Am
446702e9-b7fe-4290-a555-0dc61ccf3807,925c7673-0e85-410f-b7e4-d9705a7aa619,239000,Unstoppable (outtake)
f6a2602a-b21c-4fea-9312-ef1e182d01cf,5ca3f318-d028-4151-ac73-78e2b2d6cdcc,332000,House in the Woods
51d2c2ff-a5fd-44f9-9c1c-7ca9fdc7dd1d,c0b2500e-0cef-4130-869d-732b23ed9df5,413693,Little Earthquakes
55ab482c-dd64-4100-8d22-a765d076a83d,fa7b9055-3703-473a-8a09-adf2fe031a24,239066,Daria
612798ef-40dd-4d60-b08c-fb9a0fa39229,6fe07aa5-fec0-4eca-a456-f29bff451b04,214000,Prom Night
7708bee2-375e-48eb-a5a1-05437555ea7b,6fe07aa5-fec0-4eca-a456-f29bff451b04,181853,Paperface (Kitchen Tapes)
a3227a92-b99d-4c94-9fa4-660cea0134ea,f4abc0b5-3f7a-4eff-8f78-ac078dbce533,180946,you should see me in a crown
a98d2b8d-db26-4570-802e-93493301cf46,925c7673-0e85-410f-b7e4-d9705a7aa619,142000,Cabinet Battle #2
3c6e9da3-e16f-47e3-a5b8-bc16c04184e3,b7ffd2af-418f-4be2-bdd1-22f8b48613da,234400,Heresy
a755521c-b795-4fc3-b07b-96db40c07aeb,6e0c7c0e-cba5-4c2c-a652-38f71ef5785d,201213,Not Fair
3a056e87-ecea-4402-b887-19aeac5a1340,19f00315-8c23-4d69-8f02-9cee1987b40b,197333,Ancient Man
120bdf8e-c760-4aaf-8e34-ddd1ab3be504,5b11f4ce-a62d-471e-81fc-a69a8278c7da,143000,Territorial Pissings
6ab1d6f9-1cf5-4363-b4a6-6956529c4b71,afb8f901-d846-4c70-a898-59bc183d1da7,242666,The Country Life
616cf1e6-cb9e-40a2-a59c-de0ead5c18ae,4bd95eea-b9f6-4d70-a36c-cfea77431553,361706,Rain When I Die
e07724d7-3ea1-44e9-84e4-04f705fb495c,83b9cbe7-9857-49e2-ab8e-b57b01038103,170626,Blood
ede912a6-3c83-4156-b87a-9f59f0cbe9d7,6fe07aa5-fec0-4eca-a456-f29bff451b04,167426,Susanne
9363b1c5-d1a9-4b8b-8ac5-bb5488a3c129,afb8f901-d846-4c70-a898-59bc183d1da7,292133,I Think I’ll Disappear Now
44060550-81f5-4a7d-af2f-716bb980ba67,f4abc0b5-3f7a-4eff-8f78-ac078dbce533,170852,my boy
b93a8588-9320-4d75-bcca-0f671c3f2beb,628abc89-3e26-4e2c-b33f-67544ccbb72c,346000,Sails to Te Fiti
9619181a-f141-43a8-a841-e3ea25b9fd4b,83b9cbe7-9857-49e2-ab8e-b57b01038103,235493,Daughter
adf3cc9d-d4d2-4fad-9102-331f8d3c6dcd,d43d12a1-2dc9-4257-a2fd-0a3bb1081b86,247933,Sunday Morning Coming Down
7b5ff955-337d-4ba2-bf12-f242436e3ebc,925c7673-0e85-410f-b7e4-d9705a7aa619,143000,Hurricane
be18ea38-8b2c-4eeb-b876-8d171bbbff8c,4bd95eea-b9f6-4d70-a36c-cfea77431553,309040,Junkhead
c8ecea4a-b955-416d-866b-c218a73fa588,83b9cbe7-9857-49e2-ab8e-b57b01038103,341000,Alive
e4669ed7-b8a1-4e82-87d4-9e5f60e7e4f9,afb8f901-d846-4c70-a898-59bc183d1da7,229066,Swimming in Your Ocean
b674f0bc-710c-4a4e-aa4f-32ad3fd76b78,420e923e-e74c-42ef-b771-2e2bcee93394,269053,Boat Song
850aa908-f047-46f3-a190-d037feddf38f,328d146c-79f1-4eb6-9e40-8ee5710c14e5,180000,Just for Now
77a30f58-022c-4aae-aac7-42117c9bfa30,35885131-9d16-40cb-9289-e18997a8b77c,214333,The Devil Went Down to Georgia
a3f65f77-cc00-42eb-a336-52cfd7bee22e,fa7b9055-3703-473a-8a09-adf2fe031a24,224546,Daria
6da2cc31-9b12-4b66-9e26-074150f73406,0383dadf-2a4e-4d10-a46a-e9e041da8eb3,345453,Radio Ga Ga
52f08e8f-0da2-4031-a3e8-2bc7decf4c0b,00b82d40-1abc-4139-be19-e64243c698cb,72573,Dawn’s Ballet
7c36b9b0-d6fc-49c0-b02d-b58d7aea2a40,7b7b1e6f-e73e-41a0-9d72-8f0b30c6992d,279000,Tubthumping
853e1775-727f-4b7f-b91d-09be9bb55ef8,f4abc0b5-3f7a-4eff-8f78-ac078dbce533,291800,i love you
da120962-6354-427f-9419-69dfd86cc366,89ad4ac3-39f7-470e-963a-56509c546377,252813,Let Go
b181d04b-5414-4224-a258-db5cf2d9377e,c0b2500e-0cef-4130-869d-732b23ed9df5,306266,Cornflake Girl
6fa1a2fa-9adf-4b75-a9d7-ac422f260031,6fe07aa5-fec0-4eca-a456-f29bff451b04,190000,I Love the USA
48339025-eab8-49ca-ab88-1e7b51d20c8b,0383dadf-2a4e-4d10-a46a-e9e041da8eb3,242000,One Vision
ec6ded2c-d6ef-4f8f-880e-b25ab434304c,fa7b9055-3703-473a-8a09-adf2fe031a24,310680,I Will Survive
3ddd91b6-6a5c-4c3a-bfc6-c93ecfc52b3b,328d146c-79f1-4eb6-9e40-8ee5710c14e5,201560,Daylight Robbery
122ba116-1b78-4d27-886b-d394077761a2,5b11f4ce-a62d-471e-81fc-a69a8278c7da,196466,Polly
d1e0a99e-1894-457b-ba6a-985eeef4d0c4,cc2c9c3c-b7bc-4b8b-84d8-4fbd8779e493,241386,Set Fire to the Rain
a1e00af7-1656-4b1d-81a0-d611b890e889,d43d12a1-2dc9-4257-a2fd-0a3bb1081b86,143000,In the Jailhouse Now
1c3683c9-9008-4777-866b-5aacea6187dc,f4abc0b5-3f7a-4eff-8f78-ac078dbce533,168840,all the good girls go to hell
8d3260b1-a562-4ceb-8b4a-30150c8da52a,9f870653-72b0-4c6d-8c59-439a95963e09,231400,Dream Police
96750ac2-ff61-4262-914e-e3bc52e45822,fa7b9055-3703-473a-8a09-adf2fe031a24,148600,"Perhaps, Perhaps, Perhaps"
1a614ed6-332e-45ce-a794-a1e5b98e6a6f,628abc89-3e26-4e2c-b33f-67544ccbb72c,120000,Tala’s Deathbed
693e1e1e-04b8-441f-bcaa-5c0c33acdff2,fbd2a255-1d57-4d31-ac11-65b671c19958,209000,Just a Girl
3be1337a-8442-4abe-befc-b483de200a91,22fec580-f9fc-4baf-b8b1-3bab79be8ec8,77333,Intro
c7c9756d-3301-40cd-b3c1-c09b2b4871bf,925c7673-0e85-410f-b7e4-d9705a7aa619,164000,How Far I’ll Go (instrumental)
88709fa7-5657-433a-b6b2-76a630db2ed8,11ae9fbb-f3d7-4a47-936f-4c0a04d3b3b5,248000,Icky Thump
c04f7382-db8d-424c-9e1d-58b7b5b10b9f,4bd95eea-b9f6-4d70-a36c-cfea77431553,43493,Iron Gland
2dabc0d9-00ef-4631-99b8-3dc23ac0c744,fa7b9055-3703-473a-8a09-adf2fe031a24,220933,Guitar
69c16901-2fc6-4995-a8a9-0784e5ee861e,fa7b9055-3703-473a-8a09-adf2fe031a24,228000,Sheep Go to Heaven
211d6973-ab84-4199-8512-b881d20ce1fe,6fe07aa5-fec0-4eca-a456-f29bff451b04,231253,Cold Dark World
2e8eb81d-d328-42b8-b829-29406e251512,83b9cbe7-9857-49e2-ab8e-b57b01038103,259000,No Way
90236c0e-25f0-48de-a47b-99615e5cf536,fa7b9055-3703-473a-8a09-adf2fe031a24,238386,Nugget
75a62761-60f5-4b48-b53d-17108ebededd,183d6ef6-e161-47ff-9085-063c8b897e97,93386,Sapphire Bullets of Pure Love
441c050b-75bc-48f9-9480-72fed7c4e753,d43d12a1-2dc9-4257-a2fd-0a3bb1081b86,226000,(Ghost) Riders in the Sky
f30831a3-a9de-41ba-86c8-f1cad625b305,5b11f4ce-a62d-471e-81fc-a69a8278c7da,196373,On a Plain
4d82c5eb-9cfe-4dd6-b147-b57cc17a809d,f4abc0b5-3f7a-4eff-8f78-ac078dbce533,193149,bury a friend
8815874e-8ac4-4884-a360-f05c4e5b8fc1,c0b2500e-0cef-4130-869d-732b23ed9df5,246333,Past the Mission
024d8daa-7d45-4ea0-a9d4-fd6e3da392e8,3377f3bb-60fc-4403-aea9-7e800612e060,215000,Now or Never
9896ae5c-4a7c-4d31-ae5a-4ae1712302cf,3377f3bb-60fc-4403-aea9-7e800612e060,102000,Walls Could Talk
1eb2f316-fa83-4378-973c-730df5b6c976,a6c6897a-7415-4f8d-b5a5-3a5e05f3be67,334000,Kitchen Sink
d59ce81e-6c41-4836-929d-e2983ac644e9,084308bd-1654-436f-ba03-df6697104e19,106000,In the End
9fc9dcb5-9e9d-46c3-9cc0-c04751409a4b,22fec580-f9fc-4baf-b8b1-3bab79be8ec8,298000,Let You Down
5e57f664-1672-4e36-9509-e7104ebda5c8,afb8f901-d846-4c70-a898-59bc183d1da7,267893,Comin’ Back Soon (The Bereft Man’s Song)
5c49702f-659b-4773-b4d9-f3ccdee59f5f,925c7673-0e85-410f-b7e4-d9705a7aa619,164000,You’re Welcome (instrumental)
3b4a3bd3-944d-45f4-ac92-ab72a7448ba2,328d146c-79f1-4eb6-9e40-8ee5710c14e5,232226,Goodnight and Go
1427bd46-68bf-447c-b598-487811c4235d,5ca3f318-d028-4151-ac73-78e2b2d6cdcc,152506,The Apartment Song
6dfe539c-d453-4352-a744-4942dbdb1bd6,5b11f4ce-a62d-471e-81fc-a69a8278c7da,263240,All Apologies
8b1fa2c8-40c8-41d8-b50d-c2b4f6009d28,fa7b9055-3703-473a-8a09-adf2fe031a24,206000,Mexico
0ec126f3-a608-46dc-9210-90ad42fc1ee6,b7ffd2af-418f-4be2-bdd1-22f8b48613da,293506,Eraser
966f5ad3-4df8-43d3-af86-6db4ff3649dc,628abc89-3e26-4e2c-b33f-67544ccbb72c,125000,Maui Leaves
ebeb8adc-37b3-40b7-9ef0-475f59dc3d04,a6c6897a-7415-4f8d-b5a5-3a5e05f3be67,198000,Pet Cheetah
9273adf2-b30b-409d-80fa-0b9c19c76208,084308bd-1654-436f-ba03-df6697104e19,57773,Song of the Century
e8bad062-605a-43b4-8379-04600c5f8639,925c7673-0e85-410f-b7e4-d9705a7aa619,136000,Warrior Face (outtake)
f6a0ffdb-13ab-4e56-8917-66afb590e7ba,d6ed7887-a401-47a8-893c-34b967444d26,117066,Havana Affair
09bae7a1-bdd9-49a6-b096-439c894d75d1,afb8f901-d846-4c70-a898-59bc183d1da7,243133,At My Funeral
62779751-a79d-483c-9ed6-d64a28e2d6a4,0383dadf-2a4e-4d10-a46a-e9e041da8eb3,340000,Radio Ga Ga
270abcd2-7f91-419b-9a5f-85ca3c2c777d,7746d775-9550-4360-b8d5-c37bd448ce01,0,Virus Alert
04d2b46d-be25-4bb9-91ee-0b7b6fc70a47,89ad4ac3-39f7-470e-963a-56509c546377,229000,Lake Shore Drive
0ded31f2-22b6-4ef8-bca4-947ab3071a78,5b902d9c-d840-47d3-80f5-0819854ebc82,286000,Trouble
2a19aa5f-db9d-4792-bc1e-600189eb9ec2,fbd2a255-1d57-4d31-ac11-65b671c19958,261666,Magic’s in the Makeup
018dc7e0-5846-4210-94c7-2d428370a377,6fe07aa5-fec0-4eca-a456-f29bff451b04,206706,No One Else
89a859c3-3f3e-4ff8-8cb1-bdacc8b1aecf,6c8b9855-ba8b-48f9-ac1d-42167f7f7b18,170213,Girl on the Wing
c885b71c-8647-4d5f-bf7e-e5231deff93e,0383dadf-2a4e-4d10-a46a-e9e041da8eb3,260306,Now I’m Here
338c522b-b65b-482f-acec-a073dfe16f21,95f5b748-d370-47fe-85bd-0af2dc450bc0,183200,Santeria
ada385a5-ba70-407d-844e-d122d4664410,7509421d-1074-442f-be8f-b526167afcb3,134466,Lump
6721070f-113a-49e7-80ad-42fde0f6c051,6fe07aa5-fec0-4eca-a456-f29bff451b04,216146,Lullaby for Wayne (pre‐production recording)
721427f0-5ff4-4ba7-a976-e3c21b05a586,328d146c-79f1-4eb6-9e40-8ee5710c14e5,188626,I Am in Love With You
47c767ea-9640-45d5-99e4-0355f717d07c,00b82d40-1abc-4139-be19-e64243c698cb,165440,Rest in Peace
6e99b6da-d8e2-4f01-b91f-f5db166d081c,6fe07aa5-fec0-4eca-a456-f29bff451b04,255000,Endless Bummer
cbda1507-01aa-47b1-8747-aa2a3ef16dc8,89ad4ac3-39f7-470e-963a-56509c546377,251000,The Wolves & The Ravens
eea44c2c-66a8-413b-a1db-50e18c6bb18b,5ca3f318-d028-4151-ac73-78e2b2d6cdcc,319000,Wake Up Time
8db0251b-7612-4fb4-9b3f-71293b01099a,22fec580-f9fc-4baf-b8b1-3bab79be8ec8,343000,Lie in the Sound
71709e8c-fb6b-48c6-972a-851ecff0a60d,89ad4ac3-39f7-470e-963a-56509c546377,278200,Escape (The Pina Colada Song)
8f0a2dcc-67f6-4510-bd59-ffd820217832,0383dadf-2a4e-4d10-a46a-e9e041da8eb3,258773,I Want to Break Free
c754623c-8de4-4814-bb8c-9926b3677276,00b82d40-1abc-4139-be19-e64243c698cb,44866,The Parking Ticket
d2bb7650-bdf4-476a-b74d-35345cc1dbfe,fa7b9055-3703-473a-8a09-adf2fe031a24,180573,The Distance
2c7b03f7-a809-4ccb-8461-bde1de9834c9,420e923e-e74c-42ef-b771-2e2bcee93394,229000,I Love You
32c7e292-14f1-4080-bddf-ef852e0a4c59,0383dadf-2a4e-4d10-a46a-e9e041da8eb3,242000,Under Pressure
bbaea4b8-1b22-443d-8a37-49567d7c0042,83b9cbe7-9857-49e2-ab8e-b57b01038103,180000,Pilate
d8cb3068-578e-4323-82d1-8b6248a9b8b5,89ad4ac3-39f7-470e-963a-56509c546377,139600,Cherry Bomb
6af8ae50-569d-4275-8677-f53b9b40baf0,7b7b1e6f-e73e-41a0-9d72-8f0b30c6992d,193773,Smalltown
46c88b2c-7788-4bf3-880e-0b77155c2f84,ba0d6274-db14-4ef5-b28d-657ebde1a396,268600,Spaceboy
3761f313-1239-46e9-b720-9d24b06da5ab,6fe07aa5-fec0-4eca-a456-f29bff451b04,235760,In the Garage
cae65223-805a-4f31-8d4a-eb39044dcff1,b7539c32-53e7-4908-bda3-81449c367da6,248720,Carmen
b5bca35d-8ac9-438f-a072-a0c1fcd73b9a,89ad4ac3-39f7-470e-963a-56509c546377,199000,Don’t You Want Me
750db50b-e967-420e-bbe2-1c7b7ba9ef91,183d6ef6-e161-47ff-9085-063c8b897e97,142933,Road Movie to Berlin
7efb370e-fa0a-41f6-aea0-5485bee15691,6fe07aa5-fec0-4eca-a456-f29bff451b04,228000,I Can Love
56973e77-b19e-4a63-a53f-6d4dc4178a4a,fbd2a255-1d57-4d31-ac11-65b671c19958,185626,Excuse Me Mr.
fb093e14-c149-401f-9c62-a207ab2f48b7,0383dadf-2a4e-4d10-a46a-e9e041da8eb3,228693,One Vision
399f804f-c033-4875-a8d6-425a77ed861f,0383dadf-2a4e-4d10-a46a-e9e041da8eb3,273226,Headlong
a80d04f3-f941-4053-a537-26516e12da1e,fa7b9055-3703-473a-8a09-adf2fe031a24,352453,Italian Leather Sofa
c5961d32-50ac-4c80-883a-49da9481ef31,fbd2a255-1d57-4d31-ac11-65b671c19958,256000,Simple Kind of Life
ce7af17a-f9bb-43fc-9b33-c8e15dd18cf0,95f5b748-d370-47fe-85bd-0af2dc450bc0,235400,Burritos
0a984e3b-e38a-4b86-80be-f3a3eb1114ca,c0b2500e-0cef-4130-869d-732b23ed9df5,238000,God
89348d02-d879-458b-b619-5673c01597ba,328d146c-79f1-4eb6-9e40-8ee5710c14e5,288453,Closing In
70f41327-d8f5-4895-8e08-b7da28dd9007,420e923e-e74c-42ef-b771-2e2bcee93394,203653,Iron
0912dae6-6fc4-4866-a8e7-414ba4d4ebe8,0383dadf-2a4e-4d10-a46a-e9e041da8eb3,391000,Innuendo
2072e132-7456-4c6f-93c6-e65f39d901f7,5ca3f318-d028-4151-ac73-78e2b2d6cdcc,270933,Only a Broken Heart
c9a6cfc6-3784-40ae-a05d-924dec4a540b,19f00315-8c23-4d69-8f02-9cee1987b40b,275466,No Rainbow
1e944f73-5fae-456f-9b16-2e92e6f02af6,ff294730-0315-440d-a543-54005779c15b,174000,Dream a Little Dream of Me
3f73b875-6ce9-4caf-9c4b-7dc0e1388f34,3377f3bb-60fc-4403-aea9-7e800612e060,68000,Good Mourning
3f5647db-6f12-4c36-94ea-2d06f2c7e8f9,5b11f4ce-a62d-471e-81fc-a69a8278c7da,257000,Lithium
8b792513-35a9-403b-9d94-95b739e5a34e,7746d775-9550-4360-b8d5-c37bd448ce01,257373,Polkarama!
88c559ae-1625-4ccc-87ad-5b6621698313,19f00315-8c23-4d69-8f02-9cee1987b40b,237093,Dressed in Smoke
36d59a3c-a20a-4c75-a841-2c819aeefab0,5ca3f318-d028-4151-ac73-78e2b2d6cdcc,203000,To Find a Friend
5effbb4d-888c-49fc-9f1c-04530f9604ff,183d6ef6-e161-47ff-9085-063c8b897e97,207000,Hearing Aid
6fb6fff0-a381-44be-8aa6-e3429a670e0b,5b11f4ce-a62d-471e-81fc-a69a8278c7da,212480,Stay Away
ca5900a4-5cb0-4ba6-8ed1-54234a31abdc,f4abc0b5-3f7a-4eff-8f78-ac078dbce533,243733,xanny
0112966a-fc90-487b-a759-77d98d739d66,7746d775-9550-4360-b8d5-c37bd448ce01,0,Weasel Stomping Day
958c77db-6340-487c-973e-22140a8119a6,5b11f4ce-a62d-471e-81fc-a69a8278c7da,241533,Something in the Way
052471c4-4bce-4ef2-979e-bb6229e5eac6,7b7b1e6f-e73e-41a0-9d72-8f0b30c6992d,345866,One by One
797ae656-81d4-4d89-bddb-eca56f77ba72,cc2c9c3c-b7bc-4b8b-84d8-4fbd8779e493,223266,Rumour Has It
141bbc85-10d5-4e49-b5b4-d3139a2d824a,95f5b748-d370-47fe-85bd-0af2dc450bc0,211733,Caress Me Down
3747970f-aeab-440b-a85d-3aeae8bab207,d6ed7887-a401-47a8-893c-34b967444d26,158133,I Don’t Wanna Go Down to the Basement
6a7612f8-b04e-4824-8fdd-cad2100c6e3b,5b11f4ce-a62d-471e-81fc-a69a8278c7da,224733,On a Plain
2e9667e0-f973-45db-9a5c-251cd1edc414,6fe07aa5-fec0-4eca-a456-f29bff451b04,258800,Say It Ain’t So (remix)
7f260998-1b89-4204-bc9c-9e0a09f629c8,420e923e-e74c-42ef-b771-2e2bcee93394,224853,The Golden Age
bcf10317-6585-4c0c-9540-bf02272667e6,a6c6897a-7415-4f8d-b5a5-3a5e05f3be67,246009,Forest
1e35bde3-37bd-431d-916a-c364e6440446,5b11f4ce-a62d-471e-81fc-a69a8278c7da,156840,Lounge Act
941b357e-f763-4eff-85e0-16a033b94038,b7ffd2af-418f-4be2-bdd1-22f8b48613da,298840,Ruiner
a6fb3fec-73c3-4488-9871-c132c607c97e,183d6ef6-e161-47ff-9085-063c8b897e97,165613,We Want a Rock
0c180581-34bf-4104-95a9-1bd221c36d6e,420e923e-e74c-42ef-b771-2e2bcee93394,197040,The Great Escape
eec9e700-7a2d-40bb-96cc-a897a5bd601d,a6c6897a-7415-4f8d-b5a5-3a5e05f3be67,146000,Levitate
23adb88b-7247-4e06-9ffe-fee32a2339c8,00b82d40-1abc-4139-be19-e64243c698cb,94800,Under Your Spell / Standing (reprise)
6cb27367-424b-45f3-b26c-e9d16e4142ee,b7539c32-53e7-4908-bda3-81449c367da6,229000,Without You
c0962dcb-3621-4d78-a479-795007fb5783,6fe07aa5-fec0-4eca-a456-f29bff451b04,189400,Pork and Beans
1f49dac1-0772-4ac3-913b-954fa5633717,b7539c32-53e7-4908-bda3-81449c367da6,214586,Radio
c8964f0b-841a-4876-8633-c26ff4b9aa34,86e736b4-93e2-40ff-9e1c-fb7c63fef5f6,267107,If I Had $1000000
ee17d0bb-46f2-42a7-bd3f-bf31e40a6ad7,6fe07aa5-fec0-4eca-a456-f29bff451b04,179000,Friend of a Friend
da0d5fda-1fb1-4d3d-a2b8-932877d93345,628abc89-3e26-4e2c-b33f-67544ccbb72c,75000,Tala Returns (score demo)
459fd2e5-4a39-4401-96ed-27ad09cce035,6fe07aa5-fec0-4eca-a456-f29bff451b04,177000,Jacked Up (remix)
c157c257-a82f-48ce-98d2-8cc6b0729676,19f00315-8c23-4d69-8f02-9cee1987b40b,189893,Evil Friend
ee39e8ae-e267-448f-a60a-9e0ee358c0a4,89ad4ac3-39f7-470e-963a-56509c546377,252506,Such Great Heights
12ecdcf0-7a7a-4586-82c2-fd4aa71f0ea7,89ad4ac3-39f7-470e-963a-56509c546377,276000,Fooled Around and Fell in Love
2cdd09d2-5c2f-422b-88c0-9366d089f12f,084308bd-1654-436f-ba03-df6697104e19,277013,Before the Lobotomy
6fb94577-7432-4661-9770-d2b3af855665,7892c869-1e2b-4b38-8540-4caff7dd2b49,320000,Handlebars
1778d1fa-cd04-4ac4-ac40-d467d41e2190,83b9cbe7-9857-49e2-ab8e-b57b01038103,199906,Why Go
7571a56b-994e-4829-ae8b-71abb84809be,89ad4ac3-39f7-470e-963a-56509c546377,279000,My Sweet Lord
